DHSID,DHSCC,DHSYEAR,DHSCLUST,CCFIPS,ADM1FIPS,ADM1FIPSNA,ADM1SALBNA,ADM1SALBCO,ADM1DHS,ADM1NAME,DHSREGCO,DHSREGNA,SOURCE,URBAN_RURA,LATNUM,LONGNUM,ALT_GPS,ALT_DEM,DATUM,ID_0,ISO,NAME_0,ID_1,NAME_1,ID_2,NAME_2,ID_3,NAME_3,VARNAME_3,NL_NAME_3,HASC_3,TYPE_3,ENGTYPE_3,VALIDFR_3,VALIDTO_3,REMARKS_3,Shape_Leng,Shape_Area
SN201200000001,SN,2012.00000000000,1.00000000000,SG,SG01,Dakar,NULL,NULL,1.00000000000,Dakar,2.00000000000,Ouest,CEN,U,14.67543107200,-17.44052090700,9999.00000000000,14.00000000000,WGS84,194,SEN,Senegal,2631,Dakar,31077,Dakar,92463,Dakar,,,,Arrondissment,Arrondissement,Unknown,Present,,0.77879160194,0.00681208283
SN201200000002,SN,2012.00000000000,2.00000000000,SG,SG01,Dakar,NULL,NULL,1.00000000000,Dakar,2.00000000000,Ouest,CEN,U,14.67827092600,-17.45779382100,9999.00000000000,14.00000000000,WGS84,194,SEN,Senegal,2631,Dakar,31077,Dakar,92463,Dakar,,,,Arrondissment,Arrondissement,Unknown,Present,,0.77879160194,0.00681208283
SN201200000003,SN,2012.00000000000,3.00000000000,SG,SG01,Dakar,NULL,NULL,1.00000000000,Dakar,2.00000000000,Ouest,CEN,U,14.71041892200,-17.45928792700,9999.00000000000,22.00000000000,WGS84,194,SEN,Senegal,2631,Dakar,31077,Dakar,92463,Dakar,,,,Arrondissment,Arrondissement,Unknown,Present,,0.77879160194,0.00681208283
SN201200000004,SN,2012.00000000000,4.00000000000,SG,SG01,Dakar,NULL,NULL,1.00000000000,Dakar,2.00000000000,Ouest,CEN,U,14.70282016900,-17.44300794600,9999.00000000000,11.00000000000,WGS84,194,SEN,Senegal,2631,Dakar,31077,Dakar,92463,Dakar,,,,Arrondissment,Arrondissement,Unknown,Present,,0.77879160194,0.00681208283
SN201200000005,SN,2012.00000000000,5.00000000000,SG,SG01,Dakar,NULL,NULL,1.00000000000,Dakar,2.00000000000,Ouest,CEN,U,14.75712501400,-17.47847401100,9999.00000000000,23.00000000000,WGS84,194,SEN,Senegal,2631,Dakar,31077,Dakar,92463,Dakar,,,,Arrondissment,Arrondissement,Unknown,Present,,0.77879160194,0.00681208283
SN201200000006,SN,2012.00000000000,6.00000000000,SG,SG01,Dakar,NULL,NULL,1.00000000000,Dakar,2.00000000000,Ouest,CEN,U,14.74463729900,-17.44361897800,9999.00000000000,11.00000000000,WGS84,194,SEN,Senegal,2631,Dakar,31077,Dakar,92463,Dakar,,,,Arrondissment,Arrondissement,Unknown,Present,,0.77879160194,0.00681208283
SN201200000007,SN,2012.00000000000,7.00000000000,SG,SG01,Dakar,NULL,NULL,1.00000000000,Dakar,2.00000000000,Ouest,CEN,U,14.73684615400,-17.44122026200,9999.00000000000,18.00000000000,WGS84,194,SEN,Senegal,2631,Dakar,31077,Dakar,92463,Dakar,,,,Arrondissment,Arrondissement,Unknown,Present,,0.77879160194,0.00681208283
SN201200000008,SN,2012.00000000000,8.00000000000,SG,SG01,Dakar,NULL,NULL,1.00000000000,Dakar,2.00000000000,Ouest,CEN,U,14.75541103500,-17.44557335400,9999.00000000000,24.00000000000,WGS84,194,SEN,Senegal,2631,Dakar,31077,Dakar,92463,Dakar,,,,Arrondissment,Arrondissement,Unknown,Present,,0.77879160194,0.00681208283
SN201200000009,SN,2012.00000000000,9.00000000000,SG,SG01,Dakar,NULL,NULL,1.00000000000,Dakar,2.00000000000,Ouest,CEN,U,14.77521652700,-17.39910073700,9999.00000000000,18.00000000000,WGS84,194,SEN,Senegal,2631,Dakar,31078,Pikine,92464,Pikine,,,,Arrondissment,Arrondissement,Unknown,Present,,0.44046645820,0.00659338598
SN201200000010,SN,2012.00000000000,10.00000000000,SG,SG01,Dakar,NULL,NULL,1.00000000000,Dakar,2.00000000000,Ouest,CEN,U,14.78616189200,-17.36141657700,9999.00000000000,8.00000000000,WGS84,194,SEN,Senegal,2631,Dakar,31078,Pikine,92464,Pikine,,,,Arrondissment,Arrondissement,Unknown,Present,,0.44046645820,0.00659338598
SN201200000011,SN,2012.00000000000,11.00000000000,SG,SG01,Dakar,NULL,NULL,1.00000000000,Dakar,2.00000000000,Ouest,CEN,U,14.76053199400,-17.35989502500,9999.00000000000,10.00000000000,WGS84,194,SEN,Senegal,2631,Dakar,31078,Pikine,92464,Pikine,,,,Arrondissment,Arrondissement,Unknown,Present,,0.44046645820,0.00659338598
SN201200000012,SN,2012.00000000000,12.00000000000,SG,SG01,Dakar,NULL,NULL,1.00000000000,Dakar,2.00000000000,Ouest,CEN,U,14.75649698900,-17.39642192200,9999.00000000000,8.00000000000,WGS84,194,SEN,Senegal,2631,Dakar,31078,Pikine,92464,Pikine,,,,Arrondissment,Arrondissement,Unknown,Present,,0.44046645820,0.00659338598
SN201200000013,SN,2012.00000000000,13.00000000000,SG,SG01,Dakar,NULL,NULL,1.00000000000,Dakar,2.00000000000,Ouest,CEN,U,14.76464340700,-17.38035803600,9999.00000000000,11.00000000000,WGS84,194,SEN,Senegal,2631,Dakar,31078,Pikine,92464,Pikine,,,,Arrondissment,Arrondissement,Unknown,Present,,0.44046645820,0.00659338598
SN201200000014,SN,2012.00000000000,14.00000000000,SG,SG01,Dakar,NULL,NULL,1.00000000000,Dakar,2.00000000000,Ouest,CEN,U,14.74667360300,-17.34881750100,9999.00000000000,8.00000000000,WGS84,194,SEN,Senegal,2631,Dakar,31078,Pikine,92464,Pikine,,,,Arrondissment,Arrondissement,Unknown,Present,,0.44046645820,0.00659338598
SN201200000015,SN,2012.00000000000,15.00000000000,SG,SG01,Dakar,NULL,NULL,1.00000000000,Dakar,2.00000000000,Ouest,CEN,U,14.76824440800,-17.36139914000,9999.00000000000,9.00000000000,WGS84,194,SEN,Senegal,2631,Dakar,31078,Pikine,92464,Pikine,,,,Arrondissment,Arrondissement,Unknown,Present,,0.44046645820,0.00659338598
SN201200000016,SN,2012.00000000000,16.00000000000,SG,SG01,Dakar,NULL,NULL,1.00000000000,Dakar,2.00000000000,Ouest,CEN,U,14.71504390500,-17.25581007600,9999.00000000000,14.00000000000,WGS84,194,SEN,Senegal,2631,Dakar,31079,Rufisque-Bargny,92465,Sebikotane,,,,Arrondissment,Arrondissement,Unknown,Present,,0.99504628663,0.03285208713
SN201200000017,SN,2012.00000000000,17.00000000000,SG,SG01,Dakar,NULL,NULL,1.00000000000,Dakar,2.00000000000,Ouest,CEN,R,14.79091039600,-17.26908347000,9999.00000000000,21.00000000000,WGS84,194,SEN,Senegal,2631,Dakar,31079,Rufisque-Bargny,92465,Sebikotane,,,,Arrondissment,Arrondissement,Unknown,Present,,0.99504628663,0.03285208713
SN201200000018,SN,2012.00000000000,18.00000000000,SG,SG01,Dakar,NULL,NULL,1.00000000000,Dakar,2.00000000000,Ouest,CEN,R,14.82668814000,-17.15550768400,9999.00000000000,35.00000000000,WGS84,194,SEN,Senegal,2631,Dakar,31079,Rufisque-Bargny,92465,Sebikotane,,,,Arrondissment,Arrondissement,Unknown,Present,,0.99504628663,0.03285208713
SN201200000019,SN,2012.00000000000,19.00000000000,SG,SG01,Dakar,NULL,NULL,1.00000000000,Dakar,2.00000000000,Ouest,CEN,R,14.65280029100,-17.17506835000,9999.00000000000,7.00000000000,WGS84,194,SEN,Senegal,2631,Dakar,31079,Rufisque-Bargny,92465,Sebikotane,,,,Arrondissment,Arrondissement,Unknown,Present,,0.99504628663,0.03285208713
SN201200000020,SN,2012.00000000000,20.00000000000,SG,SG03,Diourbel,NULL,NULL,3.00000000000,Diourbel,3.00000000000,Centre,CEN,R,14.82778501500,-16.40598792400,9999.00000000000,45.00000000000,WGS84,194,SEN,Senegal,2632,Diourbel,31080,Bambey,92467,Lambaye,,,,Arrondissment,Arrondissement,Unknown,Present,,0.79832907546,0.03745984954
SN201200000021,SN,2012.00000000000,21.00000000000,SG,SG03,Diourbel,NULL,NULL,3.00000000000,Diourbel,3.00000000000,Centre,CEN,R,14.70948311700,-16.58124178700,9999.00000000000,18.00000000000,WGS84,194,SEN,Senegal,2632,Diourbel,31080,Bambey,92468,Ngoye,,,,Arrondissment,Arrondissement,Unknown,Present,,1.00783484330,0.04208786988
SN201200000022,SN,2012.00000000000,22.00000000000,SG,SG03,Diourbel,NULL,NULL,3.00000000000,Diourbel,3.00000000000,Centre,CEN,R,14.97867881000,-16.26149159000,9999.00000000000,40.00000000000,WGS84,194,SEN,Senegal,2640,Thi�s,31103,Tivaouane,92546,Niakhene,,,,Arrondissment,Arrondissement,Unknown,Present,,1.63339383993,0.06007282485
SN201200000023,SN,2012.00000000000,23.00000000000,SG,SG03,Diourbel,NULL,NULL,3.00000000000,Diourbel,3.00000000000,Centre,CEN,R,14.68187397800,-16.19276287000,9999.00000000000,23.00000000000,WGS84,194,SEN,Senegal,2632,Diourbel,31081,Diourbel,92470,Ndoulo,,,,Arrondissment,Arrondissement,Unknown,Present,,0.99097803728,0.05459843079
SN201200000024,SN,2012.00000000000,24.00000000000,SG,SG03,Diourbel,NULL,NULL,3.00000000000,Diourbel,3.00000000000,Centre,CEN,U,14.66841020600,-16.22996968000,9999.00000000000,11.00000000000,WGS84,194,SEN,Senegal,2632,Diourbel,31081,Diourbel,92470,Ndoulo,,,,Arrondissment,Arrondissement,Unknown,Present,,0.99097803728,0.05459843079
SN201200000025,SN,2012.00000000000,25.00000000000,SG,SG03,Diourbel,NULL,NULL,3.00000000000,Diourbel,3.00000000000,Centre,CEN,U,14.65512770600,-16.21754342200,9999.00000000000,24.00000000000,WGS84,194,SEN,Senegal,2632,Diourbel,31081,Diourbel,92470,Ndoulo,,,,Arrondissment,Arrondissement,Unknown,Present,,0.99097803728,0.05459843079
SN201200000026,SN,2012.00000000000,26.00000000000,SG,SG03,Diourbel,NULL,NULL,3.00000000000,Diourbel,3.00000000000,Centre,CEN,U,14.66556521900,-16.24097256100,9999.00000000000,11.00000000000,WGS84,194,SEN,Senegal,2632,Diourbel,31081,Diourbel,92470,Ndoulo,,,,Arrondissment,Arrondissement,Unknown,Present,,0.99097803728,0.05459843079
SN201200000027,SN,2012.00000000000,27.00000000000,SG,SG03,Diourbel,NULL,NULL,3.00000000000,Diourbel,3.00000000000,Centre,CEN,R,14.93738520900,-16.02110343000,9999.00000000000,47.00000000000,WGS84,194,SEN,Senegal,2632,Diourbel,31082,Mback�,92472,Ndame,,,,Arrondissment,Arrondissement,Unknown,Present,,1.24122271924,0.08246988484
SN201200000028,SN,2012.00000000000,28.00000000000,SG,SG03,Diourbel,NULL,NULL,3.00000000000,Diourbel,3.00000000000,Centre,CEN,R,14.83028336500,-15.87554962200,9999.00000000000,45.00000000000,WGS84,194,SEN,Senegal,2632,Diourbel,31082,Mback�,92472,Ndame,,,,Arrondissment,Arrondissement,Unknown,Present,,1.24122271924,0.08246988484
SN201200000029,SN,2012.00000000000,29.00000000000,SG,SG03,Diourbel,NULL,NULL,3.00000000000,Diourbel,3.00000000000,Centre,CEN,R,14.91256772200,-15.88176748400,9999.00000000000,47.00000000000,WGS84,194,SEN,Senegal,2632,Diourbel,31082,Mback�,92472,Ndame,,,,Arrondissment,Arrondissement,Unknown,Present,,1.24122271924,0.08246988484
SN201200000030,SN,2012.00000000000,30.00000000000,SG,SG03,Diourbel,NULL,NULL,3.00000000000,Diourbel,3.00000000000,Centre,CEN,R,14.87992498300,-15.89828492200,9999.00000000000,47.00000000000,WGS84,194,SEN,Senegal,2632,Diourbel,31082,Mback�,92472,Ndame,,,,Arrondissment,Arrondissement,Unknown,Present,,1.24122271924,0.08246988484
SN201200000031,SN,2012.00000000000,31.00000000000,SG,SG03,Diourbel,NULL,NULL,3.00000000000,Diourbel,3.00000000000,Centre,CEN,R,14.86307271700,-15.89061061800,9999.00000000000,48.00000000000,WGS84,194,SEN,Senegal,2632,Diourbel,31082,Mback�,92472,Ndame,,,,Arrondissment,Arrondissement,Unknown,Present,,1.24122271924,0.08246988484
SN201200000032,SN,2012.00000000000,32.00000000000,SG,SG03,Diourbel,NULL,NULL,3.00000000000,Diourbel,3.00000000000,Centre,CEN,R,14.83486869600,-15.84481791100,9999.00000000000,50.00000000000,WGS84,194,SEN,Senegal,2632,Diourbel,31082,Mback�,92472,Ndame,,,,Arrondissment,Arrondissement,Unknown,Present,,1.24122271924,0.08246988484
SN201200000033,SN,2012.00000000000,33.00000000000,SG,SG03,Diourbel,NULL,NULL,3.00000000000,Diourbel,3.00000000000,Centre,CEN,R,14.86202141300,-15.83604170000,9999.00000000000,54.00000000000,WGS84,194,SEN,Senegal,2632,Diourbel,31082,Mback�,92472,Ndame,,,,Arrondissment,Arrondissement,Unknown,Present,,1.24122271924,0.08246988484
SN201200000034,SN,2012.00000000000,34.00000000000,SG,SG03,Diourbel,NULL,NULL,3.00000000000,Diourbel,3.00000000000,Centre,CEN,U,14.77979656700,-15.90396216200,9999.00000000000,40.00000000000,WGS84,194,SEN,Senegal,2632,Diourbel,31082,Mback�,92472,Ndame,,,,Arrondissment,Arrondissement,Unknown,Present,,1.24122271924,0.08246988484
SN201200000035,SN,2012.00000000000,35.00000000000,SG,SG03,Diourbel,NULL,NULL,3.00000000000,Diourbel,3.00000000000,Centre,CEN,U,14.80802399900,-15.89992853600,9999.00000000000,43.00000000000,WGS84,194,SEN,Senegal,2632,Diourbel,31082,Mback�,92472,Ndame,,,,Arrondissment,Arrondissement,Unknown,Present,,1.24122271924,0.08246988484
SN201200000036,SN,2012.00000000000,36.00000000000,SG,SG09,Fatick,NULL,NULL,9.00000000000,Fatick,3.00000000000,Centre,CEN,R,14.38810377800,-16.19884594700,9999.00000000000,27.00000000000,WGS84,194,SEN,Senegal,2633,Fatick,31083,Fatick,92473,Diakhao,,,,Arrondissment,Arrondissement,Unknown,Present,,1.13948452075,0.04694097019
SN201200000037,SN,2012.00000000000,37.00000000000,SG,SG09,Fatick,NULL,NULL,9.00000000000,Fatick,3.00000000000,Centre,CEN,R,14.13241508700,-16.72050968400,9999.00000000000,12.00000000000,WGS84,194,SEN,Senegal,2633,Fatick,31083,Fatick,92474,Fimela,,,,Arrondissment,Arrondissement,Unknown,Present,,1.62416825582,0.09089407776
SN201200000038,SN,2012.00000000000,38.00000000000,SG,SG09,Fatick,NULL,NULL,9.00000000000,Fatick,3.00000000000,Centre,CEN,R,14.55194749100,-16.48103352900,9999.00000000000,10.00000000000,WGS84,194,SEN,Senegal,2633,Fatick,31083,Fatick,92475,Niakhar,,,,Arrondissment,Arrondissement,Unknown,Present,,0.86785617235,0.03159216424
SN201200000039,SN,2012.00000000000,39.00000000000,SG,SG09,Fatick,NULL,NULL,9.00000000000,Fatick,3.00000000000,Centre,CEN,R,14.50822316000,-16.33244975800,9999.00000000000,15.00000000000,WGS84,194,SEN,Senegal,2633,Fatick,31083,Fatick,92475,Niakhar,,,,Arrondissment,Arrondissement,Unknown,Present,,0.86785617235,0.03159216424
SN201200000040,SN,2012.00000000000,40.00000000000,SG,SG09,Fatick,NULL,NULL,9.00000000000,Fatick,3.00000000000,Centre,CEN,R,14.44751427300,-16.60292364500,9999.00000000000,2.00000000000,WGS84,194,SEN,Senegal,2633,Fatick,31083,Fatick,92476,Tattaguine,,,,Arrondissment,Arrondissement,Unknown,Present,,1.05966419182,0.05049732868
SN201200000041,SN,2012.00000000000,41.00000000000,SG,SG09,Fatick,NULL,NULL,9.00000000000,Fatick,3.00000000000,Centre,CEN,U,14.33216632900,-16.40820564300,9999.00000000000,10.00000000000,WGS84,194,SEN,Senegal,2633,Fatick,31083,Fatick,92476,Tattaguine,,,,Arrondissment,Arrondissement,Unknown,Present,,1.05966419182,0.05049732868
SN201200000042,SN,2012.00000000000,42.00000000000,SG,SG09,Fatick,NULL,NULL,9.00000000000,Fatick,3.00000000000,Centre,CEN,U,14.31441688200,-16.40112618100,9999.00000000000,10.00000000000,WGS84,194,SEN,Senegal,2633,Fatick,31083,Fatick,92476,Tattaguine,,,,Arrondissment,Arrondissement,Unknown,Present,,1.05966419182,0.05049732868
SN201200000043,SN,2012.00000000000,43.00000000000,SG,SG09,Fatick,NULL,NULL,9.00000000000,Fatick,3.00000000000,Centre,CEN,R,14.07790635600,-16.43831298000,9999.00000000000,6.00000000000,WGS84,194,SEN,Senegal,2633,Fatick,31084,Foundiougne,92477,Djilor,,,,Arrondissment,Arrondissement,Unknown,Present,,1.52701942881,0.07665304453
SN201200000044,SN,2012.00000000000,44.00000000000,SG,SG09,Fatick,NULL,NULL,9.00000000000,Fatick,3.00000000000,Centre,CEN,R,13.71830930400,-16.34190623700,9999.00000000000,46.00000000000,WGS84,194,SEN,Senegal,2633,Fatick,31084,Foundiougne,92479,Toubacouta,,,,Arrondissment,Arrondissement,Unknown,Present,,3.32619855166,0.12052849423
SN201200000045,SN,2012.00000000000,45.00000000000,SG,SG09,Fatick,NULL,NULL,9.00000000000,Fatick,3.00000000000,Centre,CEN,R,13.83930137500,-16.32645599700,9999.00000000000,13.00000000000,WGS84,194,SEN,Senegal,2633,Fatick,31084,Foundiougne,92479,Toubacouta,,,,Arrondissment,Arrondissement,Unknown,Present,,3.32619855166,0.12052849423
SN201200000046,SN,2012.00000000000,46.00000000000,SG,SG09,Fatick,NULL,NULL,9.00000000000,Fatick,3.00000000000,Centre,CEN,U,13.87502969600,-16.36995131700,9999.00000000000,10.00000000000,WGS84,194,SEN,Senegal,2633,Fatick,31084,Foundiougne,92477,Djilor,,,,Arrondissment,Arrondissement,Unknown,Present,,1.52701942881,0.07665304453
SN201200000047,SN,2012.00000000000,47.00000000000,SG,SG09,Fatick,NULL,NULL,9.00000000000,Fatick,3.00000000000,Centre,CEN,R,14.64801369600,-15.71247780300,9999.00000000000,30.00000000000,WGS84,194,SEN,Senegal,2633,Fatick,31085,Gossas,92480,Colobane,,,,Arrondissment,Arrondissement,Unknown,Present,,1.72510064998,0.13369635412
SN201200000048,SN,2012.00000000000,48.00000000000,SG,SG09,Fatick,NULL,NULL,9.00000000000,Fatick,3.00000000000,Centre,CEN,R,14.45670156000,-16.01491591200,9999.00000000000,28.00000000000,WGS84,194,SEN,Senegal,2633,Fatick,31085,Gossas,92482,Ouadiour,,,,Arrondissment,Arrondissement,Unknown,Present,,1.20437525861,0.05317194498
SN201200000049,SN,2012.00000000000,49.00000000000,SG,SG10,Kaolack,NULL,NULL,6.00000000000,Kaolack,3.00000000000,Centre,CEN,U,14.26513363400,-15.95823196800,9999.00000000000,18.00000000000,WGS84,194,SEN,Senegal,2633,Fatick,31085,Gossas,92481,Kahone,,,,Arrondissment,Arrondissement,Unknown,Present,,1.00189287405,0.05943454497
SN201200000050,SN,2012.00000000000,50.00000000000,SG,SG16,Kaffrine,NULL,NULL,12.00000000000,Kaffrine,3.00000000000,Centre,CEN,R,14.16933736100,-15.70430941100,9999.00000000000,6.00000000000,WGS84,194,SEN,Senegal,2634,Kaolack,31086,Kaffrine,92483,Birkelane,,,,Arrondissment,Arrondissement,Unknown,Present,,1.97229426699,0.11718428792
SN201200000051,SN,2012.00000000000,51.00000000000,SG,SG16,Kaffrine,NULL,NULL,12.00000000000,Kaffrine,3.00000000000,Centre,CEN,R,14.02561079400,-15.64900938800,9999.00000000000,29.00000000000,WGS84,194,SEN,Senegal,2634,Kaolack,31086,Kaffrine,92483,Birkelane,,,,Arrondissment,Arrondissement,Unknown,Present,,1.97229426699,0.11718428792
SN201200000052,SN,2012.00000000000,52.00000000000,SG,SG16,Kaffrine,NULL,NULL,12.00000000000,Kaffrine,3.00000000000,Centre,CEN,R,13.91940830900,-14.72503951300,9999.00000000000,50.00000000000,WGS84,194,SEN,Senegal,2634,Kaolack,31086,Kaffrine,92484,Koungheul,,,,Arrondissment,Arrondissement,Unknown,Present,,2.56327493104,0.36634261837
SN201200000053,SN,2012.00000000000,53.00000000000,SG,SG16,Kaffrine,NULL,NULL,12.00000000000,Kaffrine,3.00000000000,Centre,CEN,R,13.83844725400,-14.84467782900,9999.00000000000,18.00000000000,WGS84,194,SEN,Senegal,2634,Kaolack,31086,Kaffrine,92484,Koungheul,,,,Arrondissment,Arrondissement,Unknown,Present,,2.56327493104,0.36634261837
SN201200000054,SN,2012.00000000000,54.00000000000,SG,SG16,Kaffrine,NULL,NULL,12.00000000000,Kaffrine,3.00000000000,Centre,CEN,R,14.39049458400,-15.45027800000,9999.00000000000,49.00000000000,WGS84,194,SEN,Senegal,2634,Kaolack,31086,Kaffrine,92485,Maleme Hodar,,,,Arrondissment,Arrondissement,Unknown,Present,,2.49882249652,0.35353844531
SN201200000055,SN,2012.00000000000,55.00000000000,SG,SG16,Kaffrine,NULL,NULL,12.00000000000,Kaffrine,3.00000000000,Centre,CEN,R,14.13596392600,-15.57280378900,9999.00000000000,10.00000000000,WGS84,194,SEN,Senegal,2634,Kaolack,31086,Kaffrine,92485,Maleme Hodar,,,,Arrondissment,Arrondissement,Unknown,Present,,2.49882249652,0.35353844531
SN201200000056,SN,2012.00000000000,56.00000000000,SG,SG16,Kaffrine,NULL,NULL,12.00000000000,Kaffrine,3.00000000000,Centre,CEN,U,14.09015822500,-15.28047681100,9999.00000000000,44.00000000000,WGS84,194,SEN,Senegal,2634,Kaolack,31086,Kaffrine,92485,Maleme Hodar,,,,Arrondissment,Arrondissement,Unknown,Present,,2.49882249652,0.35353844531
SN201200000057,SN,2012.00000000000,57.00000000000,SG,SG16,Kaffrine,NULL,NULL,12.00000000000,Kaffrine,3.00000000000,Centre,CEN,R,13.95056475600,-15.47463850700,9999.00000000000,10.00000000000,WGS84,194,SEN,Senegal,2634,Kaolack,31086,Kaffrine,92483,Birkelane,,,,Arrondissment,Arrondissement,Unknown,Present,,1.97229426699,0.11718428792
SN201200000058,SN,2012.00000000000,58.00000000000,SG,SG16,Kaffrine,NULL,NULL,12.00000000000,Kaffrine,3.00000000000,Centre,CEN,R,13.83087745900,-15.54318379300,9999.00000000000,17.00000000000,WGS84,194,SEN,Senegal,2634,Kaolack,31086,Kaffrine,92486,Nganda,,,,Arrondissment,Arrondissement,Unknown,Present,,1.61788925014,0.09822844760
SN201200000059,SN,2012.00000000000,59.00000000000,SG,SG16,Kaffrine,NULL,NULL,12.00000000000,Kaffrine,3.00000000000,Centre,CEN,U,14.10000594800,-15.55219232700,9999.00000000000,13.00000000000,WGS84,194,SEN,Senegal,2634,Kaolack,31086,Kaffrine,92485,Maleme Hodar,,,,Arrondissment,Arrondissement,Unknown,Present,,2.49882249652,0.35353844531
SN201200000060,SN,2012.00000000000,60.00000000000,SG,SG16,Kaffrine,NULL,NULL,12.00000000000,Kaffrine,3.00000000000,Centre,CEN,U,13.99553186300,-14.79052831000,9999.00000000000,11.00000000000,WGS84,194,SEN,Senegal,2634,Kaolack,31086,Kaffrine,92484,Koungheul,,,,Arrondissment,Arrondissement,Unknown,Present,,2.56327493104,0.36634261837
SN201200000061,SN,2012.00000000000,61.00000000000,SG,SG16,Kaffrine,NULL,NULL,12.00000000000,Kaffrine,3.00000000000,Centre,CEN,R,14.04351148900,-15.01208502200,9999.00000000000,48.00000000000,WGS84,194,SEN,Senegal,2634,Kaolack,31086,Kaffrine,92484,Koungheul,,,,Arrondissment,Arrondissement,Unknown,Present,,2.56327493104,0.36634261837
SN201200000062,SN,2012.00000000000,62.00000000000,SG,SG16,Kaffrine,NULL,NULL,12.00000000000,Kaffrine,3.00000000000,Centre,CEN,R,14.29298986900,-15.12078148700,9999.00000000000,30.00000000000,WGS84,194,SEN,Senegal,2634,Kaolack,31086,Kaffrine,92485,Maleme Hodar,,,,Arrondissment,Arrondissement,Unknown,Present,,2.49882249652,0.35353844531
SN201200000063,SN,2012.00000000000,63.00000000000,SG,SG10,Kaolack,NULL,NULL,6.00000000000,Kaolack,3.00000000000,Centre,CEN,R,14.31660534900,-15.89541549800,9999.00000000000,27.00000000000,WGS84,194,SEN,Senegal,2633,Fatick,31085,Gossas,92481,Kahone,,,,Arrondissment,Arrondissement,Unknown,Present,,1.00189287405,0.05943454497
SN201200000064,SN,2012.00000000000,64.00000000000,SG,SG10,Kaolack,NULL,NULL,6.00000000000,Kaolack,3.00000000000,Centre,CEN,R,13.97885206900,-15.95775941900,9999.00000000000,16.00000000000,WGS84,194,SEN,Senegal,2634,Kaolack,31087,Kaolack,92489,Ndoffane,,,,Arrondissment,Arrondissement,Unknown,Present,,1.18164365934,0.06189191986
SN201200000065,SN,2012.00000000000,65.00000000000,SG,SG10,Kaolack,NULL,NULL,6.00000000000,Kaolack,3.00000000000,Centre,CEN,R,14.02026512100,-15.82325513300,9999.00000000000,29.00000000000,WGS84,194,SEN,Senegal,2634,Kaolack,31087,Kaolack,92489,Ndoffane,,,,Arrondissment,Arrondissement,Unknown,Present,,1.18164365934,0.06189191986
SN201200000066,SN,2012.00000000000,66.00000000000,SG,SG10,Kaolack,NULL,NULL,6.00000000000,Kaolack,3.00000000000,Centre,CEN,R,13.87264291800,-16.09675764600,9999.00000000000,26.00000000000,WGS84,194,SEN,Senegal,2634,Kaolack,31087,Kaolack,92488,Ndiedieng,,,,Arrondissment,Arrondissement,Unknown,Present,,1.18266136233,0.05167861626
SN201200000067,SN,2012.00000000000,67.00000000000,SG,SG10,Kaolack,NULL,NULL,6.00000000000,Kaolack,3.00000000000,Centre,CEN,R,14.22144670200,-16.31818646500,9999.00000000000,11.00000000000,WGS84,194,SEN,Senegal,2634,Kaolack,31087,Kaolack,92487,Gandiaye,,,,Arrondissment,Arrondissement,Unknown,Present,,1.12008520074,0.04309680163
SN201200000068,SN,2012.00000000000,68.00000000000,SG,SG10,Kaolack,NULL,NULL,6.00000000000,Kaolack,3.00000000000,Centre,CEN,U,14.17871077500,-16.05605134400,9999.00000000000,14.00000000000,WGS84,194,SEN,Senegal,2633,Fatick,31085,Gossas,92481,Kahone,,,,Arrondissment,Arrondissement,Unknown,Present,,1.00189287405,0.05943454497
SN201200000069,SN,2012.00000000000,69.00000000000,SG,SG10,Kaolack,NULL,NULL,6.00000000000,Kaolack,3.00000000000,Centre,CEN,U,14.14825842000,-16.07881700000,9999.00000000000,11.00000000000,WGS84,194,SEN,Senegal,2634,Kaolack,31087,Kaolack,92487,Gandiaye,,,,Arrondissment,Arrondissement,Unknown,Present,,1.12008520074,0.04309680163
SN201200000070,SN,2012.00000000000,70.00000000000,SG,SG10,Kaolack,NULL,NULL,6.00000000000,Kaolack,3.00000000000,Centre,CEN,U,14.16442515300,-16.10242253400,9999.00000000000,7.00000000000,WGS84,194,SEN,Senegal,2634,Kaolack,31087,Kaolack,92487,Gandiaye,,,,Arrondissment,Arrondissement,Unknown,Present,,1.12008520074,0.04309680163
SN201200000071,SN,2012.00000000000,71.00000000000,SG,SG10,Kaolack,NULL,NULL,6.00000000000,Kaolack,3.00000000000,Centre,CEN,U,14.16612296300,-16.07368184600,9999.00000000000,7.00000000000,WGS84,194,SEN,Senegal,2634,Kaolack,31087,Kaolack,92487,Gandiaye,,,,Arrondissment,Arrondissement,Unknown,Present,,1.12008520074,0.04309680163
SN201200000072,SN,2012.00000000000,72.00000000000,SG,SG10,Kaolack,NULL,NULL,6.00000000000,Kaolack,3.00000000000,Centre,CEN,U,14.15604074000,-16.06462185400,9999.00000000000,10.00000000000,WGS84,194,SEN,Senegal,2634,Kaolack,31087,Kaolack,92487,Gandiaye,,,,Arrondissment,Arrondissement,Unknown,Present,,1.12008520074,0.04309680163
SN201200000073,SN,2012.00000000000,73.00000000000,SG,SG10,Kaolack,NULL,NULL,6.00000000000,Kaolack,3.00000000000,Centre,CEN,U,13.91140677700,-15.94102919300,9999.00000000000,24.00000000000,WGS84,194,SEN,Senegal,2634,Kaolack,31087,Kaolack,92489,Ndoffane,,,,Arrondissment,Arrondissement,Unknown,Present,,1.18164365934,0.06189191986
SN201200000074,SN,2012.00000000000,74.00000000000,SG,SG10,Kaolack,NULL,NULL,6.00000000000,Kaolack,3.00000000000,Centre,CEN,R,13.62853899900,-15.72951694500,9999.00000000000,11.00000000000,WGS84,194,SEN,Senegal,2634,Kaolack,31088,Nioro-Du-Rip,92491,Paoskoto,,,,Arrondissment,Arrondissement,Unknown,Present,,1.22468589973,0.08132194101
SN201200000075,SN,2012.00000000000,75.00000000000,SG,SG10,Kaolack,NULL,NULL,6.00000000000,Kaolack,3.00000000000,Centre,CEN,R,13.79553279400,-15.81243641500,9999.00000000000,23.00000000000,WGS84,194,SEN,Senegal,2634,Kaolack,31088,Nioro-Du-Rip,92491,Paoskoto,,,,Arrondissment,Arrondissement,Unknown,Present,,1.22468589973,0.08132194101
SN201200000076,SN,2012.00000000000,76.00000000000,SG,SG10,Kaolack,NULL,NULL,6.00000000000,Kaolack,3.00000000000,Centre,CEN,R,13.72839110600,-15.89377574100,9999.00000000000,40.00000000000,WGS84,194,SEN,Senegal,2634,Kaolack,31088,Nioro-Du-Rip,92491,Paoskoto,,,,Arrondissment,Arrondissement,Unknown,Present,,1.22468589973,0.08132194101
SN201200000077,SN,2012.00000000000,77.00000000000,SG,SG10,Kaolack,NULL,NULL,6.00000000000,Kaolack,3.00000000000,Centre,CEN,R,13.78897578300,-16.07195497500,9999.00000000000,33.00000000000,WGS84,194,SEN,Senegal,2634,Kaolack,31088,Nioro-Du-Rip,92492,Wack Ngouna,,,,Arrondissment,Arrondissement,Unknown,Present,,1.11094543581,0.05813454585
SN201200000078,SN,2012.00000000000,78.00000000000,SG,SG17,Kedougou,NULL,NULL,13.00000000000,Kedougou,4.00000000000,Sud,CEN,R,12.50129620700,-12.37413935100,9999.00000000000,139.00000000000,WGS84,194,SEN,Senegal,2639,Tambacounda,31099,K�dougou,92530,Bandafassi,,,,Arrondissment,Arrondissement,Unknown,Present,,4.33498714738,0.47377694569
SN201200000079,SN,2012.00000000000,79.00000000000,SG,SG17,Kedougou,NULL,NULL,13.00000000000,Kedougou,4.00000000000,Sud,CEN,R,12.67932844700,-12.13593968600,9999.00000000000,115.00000000000,WGS84,194,SEN,Senegal,2639,Tambacounda,31099,K�dougou,92530,Bandafassi,,,,Arrondissment,Arrondissement,Unknown,Present,,4.33498714738,0.47377694569
SN201200000080,SN,2012.00000000000,80.00000000000,SG,SG17,Kedougou,NULL,NULL,13.00000000000,Kedougou,4.00000000000,Sud,CEN,R,12.46491838700,-12.00869085100,9999.00000000000,164.00000000000,WGS84,194,SEN,Senegal,2639,Tambacounda,31099,K�dougou,92531,Fongolimbi,,,,Arrondissment,Arrondissement,Unknown,Present,,2.55799619641,0.19887263151
SN201200000081,SN,2012.00000000000,81.00000000000,SG,SG17,Kedougou,NULL,NULL,13.00000000000,Kedougou,4.00000000000,Sud,CEN,U,12.55401544400,-12.17120588000,9999.00000000000,110.00000000000,WGS84,194,SEN,Senegal,2639,Tambacounda,31099,K�dougou,92531,Fongolimbi,,,,Arrondissment,Arrondissement,Unknown,Present,,2.55799619641,0.19887263151
SN201200000082,SN,2012.00000000000,82.00000000000,SG,SG17,Kedougou,NULL,NULL,13.00000000000,Kedougou,4.00000000000,Sud,CEN,U,12.55796991000,-12.18893273000,9999.00000000000,128.00000000000,WGS84,194,SEN,Senegal,2639,Tambacounda,31099,K�dougou,92530,Bandafassi,,,,Arrondissment,Arrondissement,Unknown,Present,,4.33498714738,0.47377694569
SN201200000083,SN,2012.00000000000,83.00000000000,SG,SG17,Kedougou,NULL,NULL,13.00000000000,Kedougou,4.00000000000,Sud,CEN,R,12.52728185900,-12.74012806000,9999.00000000000,86.00000000000,WGS84,194,SEN,Senegal,2639,Tambacounda,31099,K�dougou,92532,Salemata,,,,Arrondissment,Arrondissement,Unknown,Present,,2.48569217027,0.16672893527
SN201200000084,SN,2012.00000000000,84.00000000000,SG,SG17,Kedougou,NULL,NULL,13.00000000000,Kedougou,4.00000000000,Sud,CEN,R,12.57102408400,-12.86883375700,9999.00000000000,131.00000000000,WGS84,194,SEN,Senegal,2639,Tambacounda,31099,K�dougou,92532,Salemata,,,,Arrondissment,Arrondissement,Unknown,Present,,2.48569217027,0.16672893527
SN201200000085,SN,2012.00000000000,85.00000000000,SG,SG17,Kedougou,NULL,NULL,13.00000000000,Kedougou,4.00000000000,Sud,CEN,U,12.63829790200,-12.81530086900,9999.00000000000,86.00000000000,WGS84,194,SEN,Senegal,2639,Tambacounda,31099,K�dougou,92532,Salemata,,,,Arrondissment,Arrondissement,Unknown,Present,,2.48569217027,0.16672893527
SN201200000086,SN,2012.00000000000,86.00000000000,SG,SG17,Kedougou,NULL,NULL,13.00000000000,Kedougou,4.00000000000,Sud,CEN,R,13.09309078500,-12.12031485500,9999.00000000000,200.00000000000,WGS84,194,SEN,Senegal,2639,Tambacounda,31099,K�dougou,92533,Saraya,,,,Arrondissment,Arrondissement,Unknown,Present,,4.05937196574,0.56207594611
SN201200000087,SN,2012.00000000000,87.00000000000,SG,SG17,Kedougou,NULL,NULL,13.00000000000,Kedougou,4.00000000000,Sud,CEN,R,12.75156662900,-11.92758246000,9999.00000000000,142.00000000000,WGS84,194,SEN,Senegal,2639,Tambacounda,31099,K�dougou,92533,Saraya,,,,Arrondissment,Arrondissement,Unknown,Present,,4.05937196574,0.56207594611
SN201200000088,SN,2012.00000000000,88.00000000000,SG,SG11,Kolda,NULL,NULL,10.00000000000,Kolda,4.00000000000,Sud,CEN,R,12.95269409900,-15.04814386000,9999.00000000000,44.00000000000,WGS84,194,SEN,Senegal,2635,Kolda,31089,Kolda,92494,Dioulacolon,,,,Arrondissment,Arrondissement,Unknown,Present,,1.36881637079,0.09242165948
SN201200000089,SN,2012.00000000000,89.00000000000,SG,SG11,Kolda,NULL,NULL,10.00000000000,Kolda,4.00000000000,Sud,CEN,R,12.70562605500,-14.67745416300,9999.00000000000,43.00000000000,WGS84,194,SEN,Senegal,2635,Kolda,31089,Kolda,92493,Dabo,,,,Arrondissment,Arrondissement,Unknown,Present,,2.31512925311,0.20745801864
SN201200000090,SN,2012.00000000000,90.00000000000,SG,SG11,Kolda,NULL,NULL,10.00000000000,Kolda,4.00000000000,Sud,CEN,R,12.97137075600,-14.11865508300,9999.00000000000,39.00000000000,WGS84,194,SEN,Senegal,2635,Kolda,31089,Kolda,92493,Dabo,,,,Arrondissment,Arrondissement,Unknown,Present,,2.31512925311,0.20745801864
SN201200000091,SN,2012.00000000000,91.00000000000,SG,SG11,Kolda,NULL,NULL,10.00000000000,Kolda,4.00000000000,Sud,CEN,R,13.22319861700,-14.55459045200,9999.00000000000,41.00000000000,WGS84,194,SEN,Senegal,2635,Kolda,31089,Kolda,92495,Medina Yoro Foulah,,,,Arrondissment,Arrondissement,Unknown,Present,,2.99378744142,0.39401420017
SN201200000092,SN,2012.00000000000,92.00000000000,SG,SG11,Kolda,NULL,NULL,10.00000000000,Kolda,4.00000000000,Sud,CEN,U,12.89702607300,-14.92823590600,9999.00000000000,14.00000000000,WGS84,194,SEN,Senegal,2635,Kolda,31089,Kolda,92494,Dioulacolon,,,,Arrondissment,Arrondissement,Unknown,Present,,1.36881637079,0.09242165948
SN201200000093,SN,2012.00000000000,93.00000000000,SG,SG11,Kolda,NULL,NULL,10.00000000000,Kolda,4.00000000000,Sud,CEN,U,12.88826013600,-14.93033823200,9999.00000000000,15.00000000000,WGS84,194,SEN,Senegal,2635,Kolda,31089,Kolda,92494,Dioulacolon,,,,Arrondissment,Arrondissement,Unknown,Present,,1.36881637079,0.09242165948
SN201200000094,SN,2012.00000000000,94.00000000000,SG,SG11,Kolda,NULL,NULL,10.00000000000,Kolda,4.00000000000,Sud,CEN,U,12.89760937300,-14.93336994000,9999.00000000000,33.00000000000,WGS84,194,SEN,Senegal,2635,Kolda,31089,Kolda,92494,Dioulacolon,,,,Arrondissment,Arrondissement,Unknown,Present,,1.36881637079,0.09242165948
SN201200000095,SN,2012.00000000000,95.00000000000,SG,SG11,Kolda,NULL,NULL,10.00000000000,Kolda,4.00000000000,Sud,CEN,R,13.30794238000,-15.31260564700,9999.00000000000,38.00000000000,WGS84,194,SEN,Senegal,2635,Kolda,31089,Kolda,92495,Medina Yoro Foulah,,,,Arrondissment,Arrondissement,Unknown,Present,,2.99378744142,0.39401420017
SN201200000096,SN,2012.00000000000,96.00000000000,SG,SG11,Kolda,NULL,NULL,10.00000000000,Kolda,4.00000000000,Sud,CEN,R,13.04792866100,-13.86780916200,9999.00000000000,42.00000000000,WGS84,194,SEN,Senegal,2635,Kolda,31091,V�lingara,92501,Bonconto,,,,Arrondissment,Arrondissement,Unknown,Present,,3.04813421740,0.22824823843
SN201200000097,SN,2012.00000000000,97.00000000000,SG,SG11,Kolda,NULL,NULL,10.00000000000,Kolda,4.00000000000,Sud,CEN,R,13.17401141900,-13.77016946400,9999.00000000000,55.00000000000,WGS84,194,SEN,Senegal,2635,Kolda,31091,V�lingara,92501,Bonconto,,,,Arrondissment,Arrondissement,Unknown,Present,,3.04813421740,0.22824823843
SN201200000098,SN,2012.00000000000,98.00000000000,SG,SG11,Kolda,NULL,NULL,10.00000000000,Kolda,4.00000000000,Sud,CEN,R,13.08899662000,-14.22037245000,9999.00000000000,46.00000000000,WGS84,194,SEN,Senegal,2635,Kolda,31091,V�lingara,92502,Kounkane,,,,Arrondissment,Arrondissement,Unknown,Present,,1.74915760246,0.11969400923
SN201200000099,SN,2012.00000000000,99.00000000000,SG,SG11,Kolda,NULL,NULL,10.00000000000,Kolda,4.00000000000,Sud,CEN,R,13.09982793800,-14.01991568100,9999.00000000000,47.00000000000,WGS84,194,SEN,Senegal,2635,Kolda,31091,V�lingara,92502,Kounkane,,,,Arrondissment,Arrondissement,Unknown,Present,,1.74915760246,0.11969400923
SN201200000100,SN,2012.00000000000,100.00000000000,SG,SG11,Kolda,NULL,NULL,10.00000000000,Kolda,4.00000000000,Sud,CEN,R,12.69957408000,-13.94385078100,9999.00000000000,73.00000000000,WGS84,194,SEN,Senegal,2635,Kolda,31091,V�lingara,92503,Pakour,,,,Arrondissment,Arrondissement,Unknown,Present,,1.76899725251,0.09679655201
SN201200000101,SN,2012.00000000000,101.00000000000,SG,SG11,Kolda,NULL,NULL,10.00000000000,Kolda,4.00000000000,Sud,CEN,U,13.14066835900,-14.13648712200,9999.00000000000,42.00000000000,WGS84,194,SEN,Senegal,2635,Kolda,31091,V�lingara,92502,Kounkane,,,,Arrondissment,Arrondissement,Unknown,Present,,1.74915760246,0.11969400923
SN201200000102,SN,2012.00000000000,102.00000000000,SG,SG11,Kolda,NULL,NULL,10.00000000000,Kolda,4.00000000000,Sud,CEN,U,13.15284232700,-14.11978808900,9999.00000000000,45.00000000000,WGS84,194,SEN,Senegal,2635,Kolda,31091,V�lingara,92502,Kounkane,,,,Arrondissment,Arrondissement,Unknown,Present,,1.74915760246,0.11969400923
SN201200000103,SN,2012.00000000000,103.00000000000,SG,SG13,Louga,NULL,NULL,8.00000000000,Louga,1.00000000000,Nord,CEN,R,15.02403997400,-16.00544717300,9999.00000000000,49.00000000000,WGS84,194,SEN,Senegal,2636,Louga,31092,K�b�mer,92504,Darou Mousti,,,,Arrondissment,Arrondissement,Unknown,Present,,1.58050323524,0.13570603703
SN201200000104,SN,2012.00000000000,104.00000000000,SG,SG13,Louga,NULL,NULL,8.00000000000,Louga,1.00000000000,Nord,CEN,R,15.40751366600,-16.59846245500,9999.00000000000,45.00000000000,WGS84,194,SEN,Senegal,2636,Louga,31092,K�b�mer,92505,Ndande,,,,Arrondissment,Arrondissement,Unknown,Present,,1.70972998695,0.12173257088
SN201200000105,SN,2012.00000000000,105.00000000000,SG,SG13,Louga,NULL,NULL,8.00000000000,Louga,1.00000000000,Nord,CEN,R,15.34983806200,-16.10221325800,9999.00000000000,50.00000000000,WGS84,194,SEN,Senegal,2636,Louga,31092,K�b�mer,92506,Sagata,,,,Arrondissment,Arrondissement,Unknown,Present,,1.56845443597,0.07150855427
SN201200000106,SN,2012.00000000000,106.00000000000,SG,SG13,Louga,NULL,NULL,8.00000000000,Louga,1.00000000000,Nord,CEN,R,14.81536550800,-15.26214136600,9999.00000000000,37.00000000000,WGS84,194,SEN,Senegal,2636,Louga,31093,Lingu�re,92507,Barkedji,,,,Arrondissment,Arrondissement,Unknown,Present,,3.70237695047,0.69574511193
SN201200000107,SN,2012.00000000000,107.00000000000,SG,SG13,Louga,NULL,NULL,8.00000000000,Louga,1.00000000000,Nord,CEN,R,15.79002013900,-14.85125410800,9999.00000000000,51.00000000000,WGS84,194,SEN,Senegal,2636,Louga,31093,Lingu�re,92509,Dodji,,,,Arrondissment,Arrondissement,Unknown,Present,,3.13467677930,0.36597441004
SN201200000108,SN,2012.00000000000,108.00000000000,SG,SG13,Louga,NULL,NULL,8.00000000000,Louga,1.00000000000,Nord,CEN,R,15.15141064600,-15.45306534800,9999.00000000000,48.00000000000,WGS84,194,SEN,Senegal,2636,Louga,31093,Lingu�re,92508,Dahra,,,,Arrondissment,Arrondissement,Unknown,Present,,2.08169040926,0.25692305239
SN201200000109,SN,2012.00000000000,109.00000000000,SG,SG13,Louga,NULL,NULL,8.00000000000,Louga,1.00000000000,Nord,CEN,U,15.35695731200,-15.46512555500,9999.00000000000,43.00000000000,WGS84,194,SEN,Senegal,2636,Louga,31093,Lingu�re,92508,Dahra,,,,Arrondissment,Arrondissement,Unknown,Present,,2.08169040926,0.25692305239
SN201200000110,SN,2012.00000000000,110.00000000000,SG,SG13,Louga,NULL,NULL,8.00000000000,Louga,1.00000000000,Nord,CEN,U,15.40642422000,-15.12140085200,9999.00000000000,17.00000000000,WGS84,194,SEN,Senegal,2636,Louga,31093,Lingu�re,92509,Dodji,,,,Arrondissment,Arrondissement,Unknown,Present,,3.13467677930,0.36597441004
SN201200000111,SN,2012.00000000000,111.00000000000,SG,SG13,Louga,NULL,NULL,8.00000000000,Louga,1.00000000000,Nord,CEN,R,15.52842931600,-16.06049235500,9999.00000000000,48.00000000000,WGS84,194,SEN,Senegal,2636,Louga,31094,Louga,92512,Koki,,,,Arrondissment,Arrondissement,Unknown,Present,,1.17887846510,0.07203490450
SN201200000112,SN,2012.00000000000,112.00000000000,SG,SG13,Louga,NULL,NULL,8.00000000000,Louga,1.00000000000,Nord,CEN,R,15.88852700200,-15.89012630800,9999.00000000000,24.00000000000,WGS84,194,SEN,Senegal,2636,Louga,31094,Louga,92511,Keur Momar Sarr,,,,Arrondissment,Arrondissement,Unknown,Present,,2.27649119275,0.24109406957
SN201200000113,SN,2012.00000000000,113.00000000000,SG,SG13,Louga,NULL,NULL,8.00000000000,Louga,1.00000000000,Nord,CEN,R,15.56186843400,-16.17963435900,9999.00000000000,42.00000000000,WGS84,194,SEN,Senegal,2636,Louga,31094,Louga,92513,Mbediene,,,,Arrondissment,Arrondissement,Unknown,Present,,1.08274584098,0.06847177875
SN201200000114,SN,2012.00000000000,114.00000000000,SG,SG13,Louga,NULL,NULL,8.00000000000,Louga,1.00000000000,Nord,CEN,R,15.71614622800,-16.29471912800,9999.00000000000,32.00000000000,WGS84,194,SEN,Senegal,2636,Louga,31094,Louga,92514,Sakal,,,,Arrondissment,Arrondissement,Unknown,Present,,1.73449944970,0.09962213046
SN201200000115,SN,2012.00000000000,115.00000000000,SG,SG13,Louga,NULL,NULL,8.00000000000,Louga,1.00000000000,Nord,CEN,U,15.63199489500,-16.21745781700,9999.00000000000,42.00000000000,WGS84,194,SEN,Senegal,2636,Louga,31094,Louga,92513,Mbediene,,,,Arrondissment,Arrondissement,Unknown,Present,,1.08274584098,0.06847177875
SN201200000116,SN,2012.00000000000,116.00000000000,SG,SG13,Louga,NULL,NULL,8.00000000000,Louga,1.00000000000,Nord,CEN,U,15.61369392200,-16.22891069100,9999.00000000000,40.00000000000,WGS84,194,SEN,Senegal,2636,Louga,31094,Louga,92513,Mbediene,,,,Arrondissment,Arrondissement,Unknown,Present,,1.08274584098,0.06847177875
SN201200000117,SN,2012.00000000000,117.00000000000,SG,SG14,Matam,NULL,NULL,11.00000000000,Matam,1.00000000000,Nord,CEN,R,14.94821942800,-12.67136967100,9999.00000000000,58.00000000000,WGS84,194,SEN,Senegal,2637,Matam,31095,Matam,92517,Semme,,,,Arrondissment,Arrondissement,Unknown,Present,,2.58053452967,0.21391630764
SN201200000118,SN,2012.00000000000,118.00000000000,SG,SG14,Matam,NULL,NULL,11.00000000000,Matam,1.00000000000,Nord,CEN,R,15.48868543500,-13.09646054800,9999.00000000000,20.00000000000,WGS84,194,SEN,Senegal,2637,Matam,31095,Matam,92515,Kanel,,,,Arrondissment,Arrondissement,Unknown,Present,,3.68252886994,0.50505161097
SN201200000119,SN,2012.00000000000,119.00000000000,SG,SG14,Matam,NULL,NULL,11.00000000000,Matam,1.00000000000,Nord,CEN,U,15.36617985500,-13.14357117900,9999.00000000000,39.00000000000,WGS84,194,SEN,Senegal,2637,Matam,31095,Matam,92515,Kanel,,,,Arrondissment,Arrondissement,Unknown,Present,,3.68252886994,0.50505161097
SN201200000120,SN,2012.00000000000,120.00000000000,SG,SG14,Matam,NULL,NULL,11.00000000000,Matam,1.00000000000,Nord,CEN,U,15.48928843900,-13.17624195100,9999.00000000000,23.00000000000,WGS84,194,SEN,Senegal,2637,Matam,31095,Matam,92515,Kanel,,,,Arrondissment,Arrondissement,Unknown,Present,,3.68252886994,0.50505161097
SN201200000121,SN,2012.00000000000,121.00000000000,SG,SG14,Matam,NULL,NULL,11.00000000000,Matam,1.00000000000,Nord,CEN,R,16.10540875900,-13.62405246400,9999.00000000000,16.00000000000,WGS84,194,SEN,Senegal,2637,Matam,31095,Matam,92518,Thilogne,,,,Arrondissment,Arrondissement,Unknown,Present,,2.06518749267,0.16756345323
SN201200000122,SN,2012.00000000000,122.00000000000,SG,SG14,Matam,NULL,NULL,11.00000000000,Matam,1.00000000000,Nord,CEN,R,15.87552017800,-13.57465016600,9999.00000000000,47.00000000000,WGS84,194,SEN,Senegal,2637,Matam,31095,Matam,92518,Thilogne,,,,Arrondissment,Arrondissement,Unknown,Present,,2.06518749267,0.16756345323
SN201200000123,SN,2012.00000000000,123.00000000000,SG,SG14,Matam,NULL,NULL,11.00000000000,Matam,1.00000000000,Nord,CEN,R,15.88114105400,-13.33737722100,9999.00000000000,21.00000000000,WGS84,194,SEN,Senegal,2637,Matam,31095,Matam,92516,Ourossogui,,,,Arrondissment,Arrondissement,Unknown,Present,,5.67226852369,1.22397049667
SN201200000124,SN,2012.00000000000,124.00000000000,SG,SG14,Matam,NULL,NULL,11.00000000000,Matam,1.00000000000,Nord,CEN,R,15.70739371900,-13.28940794100,9999.00000000000,25.00000000000,WGS84,194,SEN,Senegal,2637,Matam,31095,Matam,92516,Ourossogui,,,,Arrondissment,Arrondissement,Unknown,Present,,5.67226852369,1.22397049667
SN201200000125,SN,2012.00000000000,125.00000000000,SG,SG14,Matam,NULL,NULL,11.00000000000,Matam,1.00000000000,Nord,CEN,R,15.51707870400,-13.26947175100,9999.00000000000,29.00000000000,WGS84,194,SEN,Senegal,2637,Matam,31095,Matam,92516,Ourossogui,,,,Arrondissment,Arrondissement,Unknown,Present,,5.67226852369,1.22397049667
SN201200000127,SN,2012.00000000000,127.00000000000,SG,SG14,Matam,NULL,NULL,11.00000000000,Matam,1.00000000000,Nord,CEN,U,15.59650602000,-13.32315190300,9999.00000000000,26.00000000000,WGS84,194,SEN,Senegal,2637,Matam,31095,Matam,92516,Ourossogui,,,,Arrondissment,Arrondissement,Unknown,Present,,5.67226852369,1.22397049667
SN201200000128,SN,2012.00000000000,128.00000000000,SG,SG14,Matam,NULL,NULL,11.00000000000,Matam,1.00000000000,Nord,CEN,R,15.21817990100,-13.76527756200,9999.00000000000,31.00000000000,WGS84,194,SEN,Senegal,2637,Matam,31095,Matam,92516,Ourossogui,,,,Arrondissment,Arrondissement,Unknown,Present,,5.67226852369,1.22397049667
SN201200000129,SN,2012.00000000000,129.00000000000,SG,SG14,Matam,NULL,NULL,11.00000000000,Matam,1.00000000000,Nord,CEN,R,14.63294807500,-14.75105387000,9999.00000000000,38.00000000000,WGS84,194,SEN,Senegal,2636,Louga,31093,Lingu�re,92507,Barkedji,,,,Arrondissment,Arrondissement,Unknown,Present,,3.70237695047,0.69574511193
SN201200000130,SN,2012.00000000000,130.00000000000,SG,SG14,Saint-Louis,NULL,NULL,4.00000000000,Saint-Louis,1.00000000000,Nord,CEN,U,16.58060537000,-15.46085392000,9999.00000000000,8.00000000000,WGS84,194,SEN,Senegal,2638,Saint-Louis,31096,Dagana,92519,Mbane,,,,Arrondissment,Arrondissement,Unknown,Present,,2.13075001079,0.19807914236
SN201200000131,SN,2012.00000000000,131.00000000000,SG,SG14,Saint-Louis,NULL,NULL,4.00000000000,Saint-Louis,1.00000000000,Nord,CEN,R,16.49992197700,-15.86475348900,9999.00000000000,8.00000000000,WGS84,194,SEN,Senegal,2638,Saint-Louis,31096,Dagana,92521,Ross-Bethio,,,,Arrondissment,Arrondissement,Unknown,Present,,2.37946116167,0.26145599121
SN201200000132,SN,2012.00000000000,132.00000000000,SG,SG14,Saint-Louis,NULL,NULL,4.00000000000,Saint-Louis,1.00000000000,Nord,CEN,R,16.40531389200,-16.07412283200,9999.00000000000,4.00000000000,WGS84,194,SEN,Senegal,2638,Saint-Louis,31096,Dagana,92521,Ross-Bethio,,,,Arrondissment,Arrondissement,Unknown,Present,,2.37946116167,0.26145599121
SN201200000133,SN,2012.00000000000,133.00000000000,SG,SG14,Saint-Louis,NULL,NULL,4.00000000000,Saint-Louis,1.00000000000,Nord,CEN,U,16.47415675100,-15.68516128800,9999.00000000000,12.00000000000,WGS84,194,SEN,Senegal,2638,Saint-Louis,31096,Dagana,92519,Mbane,,,,Arrondissment,Arrondissement,Unknown,Present,,2.13075001079,0.19807914236
SN201200000134,SN,2012.00000000000,134.00000000000,SG,SG14,Saint-Louis,NULL,NULL,4.00000000000,Saint-Louis,1.00000000000,Nord,CEN,R,16.22461168900,-14.03415948300,9999.00000000000,19.00000000000,WGS84,194,SEN,Senegal,2638,Saint-Louis,31097,Podor,92522,Cas-Cas,,,,Arrondissment,Arrondissement,Unknown,Present,,2.42860001698,0.27200701225
SN201200000135,SN,2012.00000000000,135.00000000000,SG,SG14,Saint-Louis,NULL,NULL,4.00000000000,Saint-Louis,1.00000000000,Nord,CEN,R,16.52241059200,-14.43168710200,9999.00000000000,6.00000000000,WGS84,194,SEN,Senegal,2638,Saint-Louis,31097,Podor,92523,Ndioum,,,,Arrondissment,Arrondissement,Unknown,Present,,3.53121200851,0.34310178121
SN201200000136,SN,2012.00000000000,136.00000000000,SG,SG14,Saint-Louis,NULL,NULL,4.00000000000,Saint-Louis,1.00000000000,Nord,CEN,R,16.54528833100,-14.83931074600,9999.00000000000,2.00000000000,WGS84,194,SEN,Senegal,2638,Saint-Louis,31097,Podor,92523,Ndioum,,,,Arrondissment,Arrondissement,Unknown,Present,,3.53121200851,0.34310178121
SN201200000137,SN,2012.00000000000,137.00000000000,SG,SG14,Saint-Louis,NULL,NULL,4.00000000000,Saint-Louis,1.00000000000,Nord,CEN,R,16.05149674100,-14.02125019800,9999.00000000000,28.00000000000,WGS84,194,SEN,Senegal,2638,Saint-Louis,31097,Podor,92524,Salde,,,,Arrondissment,Arrondissement,Unknown,Present,,2.27823367169,0.20113158983
SN201200000138,SN,2012.00000000000,138.00000000000,SG,SG14,Saint-Louis,NULL,NULL,4.00000000000,Saint-Louis,1.00000000000,Nord,CEN,R,16.38112104100,-15.15362204600,9999.00000000000,40.00000000000,WGS84,194,SEN,Senegal,2638,Saint-Louis,31097,Podor,92525,Thille Boubacar,,,,Arrondissment,Arrondissement,Unknown,Present,,2.32507085490,0.27280975241
SN201200000139,SN,2012.00000000000,139.00000000000,SG,SG14,Saint-Louis,NULL,NULL,4.00000000000,Saint-Louis,1.00000000000,Nord,CEN,U,16.25405845600,-14.09993905200,9999.00000000000,18.00000000000,WGS84,194,SEN,Senegal,2638,Saint-Louis,31097,Podor,92522,Cas-Cas,,,,Arrondissment,Arrondissement,Unknown,Present,,2.42860001698,0.27200701225
SN201200000140,SN,2012.00000000000,140.00000000000,SG,SG14,Saint-Louis,NULL,NULL,4.00000000000,Saint-Louis,1.00000000000,Nord,CEN,R,16.04844979100,-16.35060449000,9999.00000000000,4.00000000000,WGS84,194,SEN,Senegal,2638,Saint-Louis,31096,Dagana,92520,Rao,,,,Arrondissment,Arrondissement,Unknown,Present,,1.27045719108,0.07088694849
SN201200000141,SN,2012.00000000000,141.00000000000,SG,SG14,Saint-Louis,NULL,NULL,4.00000000000,Saint-Louis,1.00000000000,Nord,CEN,U,15.93009928900,-16.25683160200,9999.00000000000,11.00000000000,WGS84,194,SEN,Senegal,2638,Saint-Louis,31096,Dagana,92520,Rao,,,,Arrondissment,Arrondissement,Unknown,Present,,1.27045719108,0.07088694849
SN201200000142,SN,2012.00000000000,142.00000000000,SG,SG14,Saint-Louis,NULL,NULL,4.00000000000,Saint-Louis,1.00000000000,Nord,CEN,U,16.02692758100,-16.50436128000,9999.00000000000,6.00000000000,WGS84,194,SEN,Senegal,2638,Saint-Louis,31096,Dagana,92520,Rao,,,,Arrondissment,Arrondissement,Unknown,Present,,1.27045719108,0.07088694849
SN201200000143,SN,2012.00000000000,143.00000000000,SG,SG14,Saint-Louis,NULL,NULL,4.00000000000,Saint-Louis,1.00000000000,Nord,CEN,U,16.00933963400,-16.48843178000,9999.00000000000,5.00000000000,WGS84,194,SEN,Senegal,2638,Saint-Louis,31096,Dagana,92520,Rao,,,,Arrondissment,Arrondissement,Unknown,Present,,1.27045719108,0.07088694849
SN201200000144,SN,2012.00000000000,144.00000000000,SG,SG14,Saint-Louis,NULL,NULL,4.00000000000,Saint-Louis,1.00000000000,Nord,CEN,U,16.04431830100,-16.46020887600,9999.00000000000,3.00000000000,WGS84,194,SEN,Senegal,2638,Saint-Louis,31096,Dagana,92520,Rao,,,,Arrondissment,Arrondissement,Unknown,Present,,1.27045719108,0.07088694849
SN201200000145,SN,2012.00000000000,145.00000000000,SG,SG18,Sedhiou,NULL,NULL,14.00000000000,Sedhiou,4.00000000000,Sud,CEN,R,12.97950152600,-15.77698742900,9999.00000000000,7.00000000000,WGS84,194,SEN,Senegal,2635,Kolda,31090,S�dhiou,92496,Bounkiling,,,,Arrondissment,Arrondissement,Unknown,Present,,2.38627811197,0.23455687427
SN201200000146,SN,2012.00000000000,146.00000000000,SG,SG18,Sedhiou,NULL,NULL,14.00000000000,Sedhiou,4.00000000000,Sud,CEN,U,12.99506798900,-15.61031958200,9999.00000000000,23.00000000000,WGS84,194,SEN,Senegal,2635,Kolda,31090,S�dhiou,92496,Bounkiling,,,,Arrondissment,Arrondissement,Unknown,Present,,2.38627811197,0.23455687427
SN201200000147,SN,2012.00000000000,147.00000000000,SG,SG18,Sedhiou,NULL,NULL,14.00000000000,Sedhiou,4.00000000000,Sud,CEN,R,13.07501309800,-15.28857191800,9999.00000000000,16.00000000000,WGS84,194,SEN,Senegal,2635,Kolda,31090,S�dhiou,92496,Bounkiling,,,,Arrondissment,Arrondissement,Unknown,Present,,2.38627811197,0.23455687427
SN201200000148,SN,2012.00000000000,148.00000000000,SG,SG18,Sedhiou,NULL,NULL,14.00000000000,Sedhiou,4.00000000000,Sud,CEN,R,13.33673413000,-15.46868690800,9999.00000000000,44.00000000000,WGS84,194,SEN,Senegal,2635,Kolda,31090,S�dhiou,92496,Bounkiling,,,,Arrondissment,Arrondissement,Unknown,Present,,2.38627811197,0.23455687427
SN201200000149,SN,2012.00000000000,149.00000000000,SG,SG18,Sedhiou,NULL,NULL,14.00000000000,Sedhiou,4.00000000000,Sud,CEN,R,12.52951656800,-15.82558500800,9999.00000000000,8.00000000000,WGS84,194,SEN,Senegal,2635,Kolda,31090,S�dhiou,92497,Diattacounda,,,,Arrondissment,Arrondissement,Unknown,Present,,1.35428623547,0.06322792540
SN201200000150,SN,2012.00000000000,150.00000000000,SG,SG18,Sedhiou,NULL,NULL,14.00000000000,Sedhiou,4.00000000000,Sud,CEN,R,12.83560923600,-15.29964593100,9999.00000000000,12.00000000000,WGS84,194,SEN,Senegal,2635,Kolda,31090,S�dhiou,92500,Tanaff,,,,Arrondissment,Arrondissement,Unknown,Present,,1.38444920068,0.08743793468
SN201200000151,SN,2012.00000000000,151.00000000000,SG,SG18,Sedhiou,NULL,NULL,14.00000000000,Sedhiou,4.00000000000,Sud,CEN,R,12.66040332700,-15.46684293400,9999.00000000000,8.00000000000,WGS84,194,SEN,Senegal,2635,Kolda,31090,S�dhiou,92500,Tanaff,,,,Arrondissment,Arrondissement,Unknown,Present,,1.38444920068,0.08743793468
SN201200000152,SN,2012.00000000000,152.00000000000,SG,SG18,Sedhiou,NULL,NULL,14.00000000000,Sedhiou,4.00000000000,Sud,CEN,U,12.56737675200,-15.87923449700,9999.00000000000,20.00000000000,WGS84,194,SEN,Senegal,2635,Kolda,31090,S�dhiou,92497,Diattacounda,,,,Arrondissment,Arrondissement,Unknown,Present,,1.35428623547,0.06322792540
SN201200000153,SN,2012.00000000000,153.00000000000,SG,SG18,Sedhiou,NULL,NULL,14.00000000000,Sedhiou,4.00000000000,Sud,CEN,R,12.57546852200,-15.65779700000,9999.00000000000,18.00000000000,WGS84,194,SEN,Senegal,2635,Kolda,31090,S�dhiou,92498,Diende,,,,Arrondissment,Arrondissement,Unknown,Present,,2.58268940971,0.16327593260
SN201200000154,SN,2012.00000000000,154.00000000000,SG,SG18,Sedhiou,NULL,NULL,14.00000000000,Sedhiou,4.00000000000,Sud,CEN,R,12.69525611000,-15.80364837100,9999.00000000000,14.00000000000,WGS84,194,SEN,Senegal,2635,Kolda,31090,S�dhiou,92498,Diende,,,,Arrondissment,Arrondissement,Unknown,Present,,2.58268940971,0.16327593260
SN201200000155,SN,2012.00000000000,155.00000000000,SG,SG18,Sedhiou,NULL,NULL,14.00000000000,Sedhiou,4.00000000000,Sud,CEN,R,12.72442667500,-15.98634446600,9999.00000000000,18.00000000000,WGS84,194,SEN,Senegal,2635,Kolda,31090,S�dhiou,92499,Marsassoum,,,,Arrondissment,Arrondissement,Unknown,Present,,1.16971146585,0.05768153125
SN201200000156,SN,2012.00000000000,156.00000000000,SG,SG18,Sedhiou,NULL,NULL,14.00000000000,Sedhiou,4.00000000000,Sud,CEN,U,12.72367039000,-15.58333322800,9999.00000000000,14.00000000000,WGS84,194,SEN,Senegal,2635,Kolda,31090,S�dhiou,92498,Diende,,,,Arrondissment,Arrondissement,Unknown,Present,,2.58268940971,0.16327593260
SN201200000157,SN,2012.00000000000,157.00000000000,SG,SG18,Sedhiou,NULL,NULL,14.00000000000,Sedhiou,4.00000000000,Sud,CEN,U,12.71704146900,-15.55937527100,9999.00000000000,15.00000000000,WGS84,194,SEN,Senegal,2635,Kolda,31090,S�dhiou,92498,Diende,,,,Arrondissment,Arrondissement,Unknown,Present,,2.58268940971,0.16327593260
SN201200000158,SN,2012.00000000000,158.00000000000,SG,SG05,Tambacounda,NULL,NULL,5.00000000000,Tambacounda,4.00000000000,Sud,CEN,R,14.22249246800,-12.46335347200,9999.00000000000,97.00000000000,WGS84,194,SEN,Senegal,2639,Tambacounda,31098,Bakel,92529,Kidira,,,,Arrondissment,Arrondissement,Unknown,Present,,3.84774958733,0.42962371715
SN201200000159,SN,2012.00000000000,159.00000000000,SG,SG05,Tambacounda,NULL,NULL,5.00000000000,Tambacounda,4.00000000000,Sud,CEN,U,15.01742619100,-12.53454204000,9999.00000000000,30.00000000000,WGS84,194,SEN,Senegal,2639,Tambacounda,31098,Bakel,92527,Diawara,,,,Arrondissment,Arrondissement,Unknown,Present,,1.80417073720,0.11275693897
SN201200000160,SN,2012.00000000000,160.00000000000,SG,SG05,Tambacounda,NULL,NULL,5.00000000000,Tambacounda,4.00000000000,Sud,CEN,R,13.82279449300,-12.99557950600,9999.00000000000,41.00000000000,WGS84,194,SEN,Senegal,2639,Tambacounda,31098,Bakel,92526,Bala,,,,Arrondissment,Arrondissement,Unknown,Present,,4.58302589875,0.74351612154
SN201200000161,SN,2012.00000000000,161.00000000000,SG,SG05,Tambacounda,NULL,NULL,5.00000000000,Tambacounda,4.00000000000,Sud,CEN,R,14.33308080700,-13.42255805700,9999.00000000000,54.00000000000,WGS84,194,SEN,Senegal,2639,Tambacounda,31098,Bakel,92528,Goudiri,,,,Arrondissment,Arrondissement,Unknown,Present,,3.61623526716,0.58084289453
SN201200000162,SN,2012.00000000000,162.00000000000,SG,SG05,Tambacounda,NULL,NULL,5.00000000000,Tambacounda,4.00000000000,Sud,CEN,R,13.81786944000,-14.36964348900,9999.00000000000,50.00000000000,WGS84,194,SEN,Senegal,2639,Tambacounda,31100,Tambacounda,92534,Koumpentoum,,,,Arrondissment,Arrondissement,Unknown,Present,,3.19929882948,0.50858577411
SN201200000163,SN,2012.00000000000,163.00000000000,SG,SG05,Tambacounda,NULL,NULL,5.00000000000,Tambacounda,4.00000000000,Sud,CEN,R,14.53510999300,-14.58404508300,9999.00000000000,62.00000000000,WGS84,194,SEN,Senegal,2636,Louga,31093,Lingu�re,92507,Barkedji,,,,Arrondissment,Arrondissement,Unknown,Present,,3.70237695047,0.69574511193
SN201200000164,SN,2012.00000000000,164.00000000000,SG,SG05,Tambacounda,NULL,NULL,5.00000000000,Tambacounda,4.00000000000,Sud,CEN,R,13.66395734100,-14.72562216600,9999.00000000000,16.00000000000,WGS84,194,SEN,Senegal,2639,Tambacounda,31100,Tambacounda,92536,Makacolibantang,,,,Arrondissment,Arrondissement,Unknown,Present,,2.87027457241,0.21298046215
SN201200000165,SN,2012.00000000000,165.00000000000,SG,SG05,Tambacounda,NULL,NULL,5.00000000000,Tambacounda,4.00000000000,Sud,CEN,R,14.08035235700,-13.88244513800,9999.00000000000,29.00000000000,WGS84,194,SEN,Senegal,2639,Tambacounda,31100,Tambacounda,92535,Koussanar,,,,Arrondissment,Arrondissement,Unknown,Present,,2.74427183404,0.25941359250
SN201200000166,SN,2012.00000000000,166.00000000000,SG,SG05,Tambacounda,NULL,NULL,5.00000000000,Tambacounda,4.00000000000,Sud,CEN,R,13.72684370000,-14.11297838700,9999.00000000000,20.00000000000,WGS84,194,SEN,Senegal,2639,Tambacounda,31100,Tambacounda,92536,Makacolibantang,,,,Arrondissment,Arrondissement,Unknown,Present,,2.87027457241,0.21298046215
SN201200000167,SN,2012.00000000000,167.00000000000,SG,SG05,Tambacounda,NULL,NULL,5.00000000000,Tambacounda,4.00000000000,Sud,CEN,R,13.34525187800,-13.56932977600,9999.00000000000,26.00000000000,WGS84,194,SEN,Senegal,2639,Tambacounda,31100,Tambacounda,92537,Missirah,,,,Arrondissment,Arrondissement,Unknown,Present,,6.36713028408,0.69562975431
SN201200000168,SN,2012.00000000000,168.00000000000,SG,SG05,Tambacounda,NULL,NULL,5.00000000000,Tambacounda,4.00000000000,Sud,CEN,U,13.76782268500,-13.64764017900,9999.00000000000,54.00000000000,WGS84,194,SEN,Senegal,2639,Tambacounda,31100,Tambacounda,92535,Koussanar,,,,Arrondissment,Arrondissement,Unknown,Present,,2.74427183404,0.25941359250
SN201200000169,SN,2012.00000000000,169.00000000000,SG,SG05,Tambacounda,NULL,NULL,5.00000000000,Tambacounda,4.00000000000,Sud,CEN,U,13.77109442400,-13.65708595400,9999.00000000000,33.00000000000,WGS84,194,SEN,Senegal,2639,Tambacounda,31100,Tambacounda,92535,Koussanar,,,,Arrondissment,Arrondissement,Unknown,Present,,2.74427183404,0.25941359250
SN201200000170,SN,2012.00000000000,170.00000000000,SG,SG05,Tambacounda,NULL,NULL,5.00000000000,Tambacounda,4.00000000000,Sud,CEN,U,13.75490025100,-13.67327807200,9999.00000000000,35.00000000000,WGS84,194,SEN,Senegal,2639,Tambacounda,31100,Tambacounda,92535,Koussanar,,,,Arrondissment,Arrondissement,Unknown,Present,,2.74427183404,0.25941359250
SN201200000171,SN,2012.00000000000,171.00000000000,SG,SG07,Thies,NULL,NULL,7.00000000000,Thies,2.00000000000,Ouest,CEN,R,14.47446203100,-16.58067554800,9999.00000000000,7.00000000000,WGS84,194,SEN,Senegal,2640,Thi�s,31101,Mbour,92540,Thiadiaye,,,,Arrondissment,Arrondissement,Unknown,Present,,1.78826240929,0.06677216253
SN201200000172,SN,2012.00000000000,172.00000000000,SG,SG07,Thies,NULL,NULL,7.00000000000,Thies,2.00000000000,Ouest,CEN,R,14.45722883100,-16.79909552900,9999.00000000000,17.00000000000,WGS84,194,SEN,Senegal,2640,Thi�s,31101,Mbour,92540,Thiadiaye,,,,Arrondissment,Arrondissement,Unknown,Present,,1.78826240929,0.06677216253
SN201200000173,SN,2012.00000000000,173.00000000000,SG,SG07,Thies,NULL,NULL,7.00000000000,Thies,2.00000000000,Ouest,CEN,U,14.45752042400,-17.02063093500,9999.00000000000,12.00000000000,WGS84,194,SEN,Senegal,2640,Thi�s,31101,Mbour,92539,Nguekokh,,,,Arrondissment,Arrondissement,Unknown,Present,,1.46689580371,0.05505668437
SN201200000174,SN,2012.00000000000,174.00000000000,SG,SG07,Thies,NULL,NULL,7.00000000000,Thies,2.00000000000,Ouest,CEN,R,14.34538936000,-16.92566472600,9999.00000000000,3.00000000000,WGS84,194,SEN,Senegal,2640,Thi�s,31101,Mbour,92539,Nguekokh,,,,Arrondissment,Arrondissement,Unknown,Present,,1.46689580371,0.05505668437
SN201200000175,SN,2012.00000000000,175.00000000000,SG,SG07,Thies,NULL,NULL,7.00000000000,Thies,2.00000000000,Ouest,CEN,U,14.41768414600,-16.96550651000,9999.00000000000,9.00000000000,WGS84,194,SEN,Senegal,2640,Thi�s,31101,Mbour,92539,Nguekokh,,,,Arrondissment,Arrondissement,Unknown,Present,,1.46689580371,0.05505668437
SN201200000176,SN,2012.00000000000,176.00000000000,SG,SG07,Thies,NULL,NULL,7.00000000000,Thies,2.00000000000,Ouest,CEN,U,14.42019687500,-16.97082637600,9999.00000000000,18.00000000000,WGS84,194,SEN,Senegal,2640,Thi�s,31101,Mbour,92539,Nguekokh,,,,Arrondissment,Arrondissement,Unknown,Present,,1.46689580371,0.05505668437
SN201200000177,SN,2012.00000000000,177.00000000000,SG,SG07,Thies,NULL,NULL,7.00000000000,Thies,2.00000000000,Ouest,CEN,R,14.73963538900,-17.06789367300,9999.00000000000,43.00000000000,WGS84,194,SEN,Senegal,2640,Thi�s,31102,Thi�s,92542,Pout,,,,Arrondissment,Arrondissement,Unknown,Present,,1.09109007918,0.04126286052
SN201200000178,SN,2012.00000000000,178.00000000000,SG,SG07,Thies,NULL,NULL,7.00000000000,Thies,2.00000000000,Ouest,CEN,R,14.70267843100,-16.67288758800,9999.00000000000,13.00000000000,WGS84,194,SEN,Senegal,2640,Thi�s,31102,Thi�s,92543,Thienaba,,,,Arrondissment,Arrondissement,Unknown,Present,,0.94019717133,0.04353779041
SN201200000179,SN,2012.00000000000,179.00000000000,SG,SG07,Thies,NULL,NULL,7.00000000000,Thies,2.00000000000,Ouest,CEN,R,14.87870719100,-16.67095744900,9999.00000000000,32.00000000000,WGS84,194,SEN,Senegal,2640,Thi�s,31102,Thi�s,92543,Thienaba,,,,Arrondissment,Arrondissement,Unknown,Present,,0.94019717133,0.04353779041
SN201200000180,SN,2012.00000000000,180.00000000000,SG,SG07,Thies,NULL,NULL,7.00000000000,Thies,2.00000000000,Ouest,CEN,U,14.75825114700,-16.68699187600,9999.00000000000,15.00000000000,WGS84,194,SEN,Senegal,2640,Thi�s,31102,Thi�s,92543,Thienaba,,,,Arrondissment,Arrondissement,Unknown,Present,,0.94019717133,0.04353779041
SN201200000181,SN,2012.00000000000,181.00000000000,SG,SG07,Thies,NULL,NULL,7.00000000000,Thies,2.00000000000,Ouest,CEN,U,14.81155337500,-16.93684979200,9999.00000000000,66.00000000000,WGS84,194,SEN,Senegal,2640,Thi�s,31102,Thi�s,92542,Pout,,,,Arrondissment,Arrondissement,Unknown,Present,,1.09109007918,0.04126286052
SN201200000182,SN,2012.00000000000,182.00000000000,SG,SG07,Thies,NULL,NULL,7.00000000000,Thies,2.00000000000,Ouest,CEN,U,14.81969581900,-16.91131189800,9999.00000000000,61.00000000000,WGS84,194,SEN,Senegal,2640,Thi�s,31102,Thi�s,92542,Pout,,,,Arrondissment,Arrondissement,Unknown,Present,,1.09109007918,0.04126286052
SN201200000183,SN,2012.00000000000,183.00000000000,SG,SG07,Thies,NULL,NULL,7.00000000000,Thies,2.00000000000,Ouest,CEN,U,14.77428146600,-16.92241311300,9999.00000000000,76.00000000000,WGS84,194,SEN,Senegal,2640,Thi�s,31102,Thi�s,92542,Pout,,,,Arrondissment,Arrondissement,Unknown,Present,,1.09109007918,0.04126286052
SN201200000184,SN,2012.00000000000,184.00000000000,SG,SG07,Thies,NULL,NULL,7.00000000000,Thies,2.00000000000,Ouest,CEN,R,15.15543833200,-16.61845892200,9999.00000000000,46.00000000000,WGS84,194,SEN,Senegal,2640,Thi�s,31103,Tivaouane,92544,Meouane,,,,Arrondissment,Arrondissement,Unknown,Present,,1.82360235299,0.08948649188
SN201200000185,SN,2012.00000000000,185.00000000000,SG,SG07,Thies,NULL,NULL,7.00000000000,Thies,2.00000000000,Ouest,CEN,R,15.11488333800,-16.41349211600,9999.00000000000,31.00000000000,WGS84,194,SEN,Senegal,2640,Thi�s,31103,Tivaouane,92545,Merina Dakhar,,,,Arrondissment,Arrondissement,Unknown,Present,,1.36583089287,0.05440118899
SN201200000186,SN,2012.00000000000,186.00000000000,SG,SG07,Thies,NULL,NULL,7.00000000000,Thies,2.00000000000,Ouest,CEN,R,14.91766544800,-17.02056355300,9999.00000000000,16.00000000000,WGS84,194,SEN,Senegal,2640,Thi�s,31103,Tivaouane,92547,Pambal,,,,Arrondissment,Arrondissement,Unknown,Present,,1.34066817455,0.06306902837
SN201200000187,SN,2012.00000000000,187.00000000000,SG,SG07,Thies,NULL,NULL,7.00000000000,Thies,2.00000000000,Ouest,CEN,U,14.95152305800,-16.80307872900,9999.00000000000,57.00000000000,WGS84,194,SEN,Senegal,2640,Thi�s,31103,Tivaouane,92547,Pambal,,,,Arrondissment,Arrondissement,Unknown,Present,,1.34066817455,0.06306902837
SN201200000188,SN,2012.00000000000,188.00000000000,SG,SG12,Ziguinchor,NULL,NULL,2.00000000000,Ziguinchor,4.00000000000,Sud,CEN,R,13.12664833300,-16.70189751000,9999.00000000000,18.00000000000,WGS84,194,SEN,Senegal,2641,Ziguinchor,31104,Bignona,92548,Diouloulou,,,,Arrondissment,Arrondissement,Unknown,Present,,6.40629168860,0.14734890201
SN201200000189,SN,2012.00000000000,189.00000000000,SG,SG12,Ziguinchor,NULL,NULL,2.00000000000,Ziguinchor,4.00000000000,Sud,CEN,R,12.94491991900,-16.72826291200,9999.00000000000,12.00000000000,WGS84,194,SEN,Senegal,2641,Ziguinchor,31104,Bignona,92548,Diouloulou,,,,Arrondissment,Arrondissement,Unknown,Present,,6.40629168860,0.14734890201
SN201200000190,SN,2012.00000000000,190.00000000000,SG,SG12,Ziguinchor,NULL,NULL,2.00000000000,Ziguinchor,4.00000000000,Sud,CEN,R,12.76939087700,-16.36347418500,9999.00000000000,22.00000000000,WGS84,194,SEN,Senegal,2641,Ziguinchor,31104,Bignona,92550,Tendouck,,,,Arrondissment,Arrondissement,Unknown,Present,,3.87762643924,0.07054176613
SN201200000191,SN,2012.00000000000,191.00000000000,SG,SG12,Ziguinchor,NULL,NULL,2.00000000000,Ziguinchor,4.00000000000,Sud,CEN,R,12.82883885000,-16.57240953200,9999.00000000000,18.00000000000,WGS84,194,SEN,Senegal,2641,Ziguinchor,31104,Bignona,92550,Tendouck,,,,Arrondissment,Arrondissement,Unknown,Present,,3.87762643924,0.07054176613
SN201200000192,SN,2012.00000000000,192.00000000000,SG,SG12,Ziguinchor,NULL,NULL,2.00000000000,Ziguinchor,4.00000000000,Sud,CEN,R,12.87746052000,-16.13678607400,9999.00000000000,27.00000000000,WGS84,194,SEN,Senegal,2641,Ziguinchor,31104,Bignona,92551,Tenghori,,,,Arrondissment,Arrondissement,Unknown,Present,,1.42140749719,0.08745588352
SN201200000193,SN,2012.00000000000,193.00000000000,SG,SG12,Ziguinchor,NULL,NULL,2.00000000000,Ziguinchor,4.00000000000,Sud,CEN,U,12.80080845700,-16.22661081400,9999.00000000000,24.00000000000,WGS84,194,SEN,Senegal,2641,Ziguinchor,31104,Bignona,92551,Tenghori,,,,Arrondissment,Arrondissement,Unknown,Present,,1.42140749719,0.08745588352
SN201200000194,SN,2012.00000000000,194.00000000000,SG,SG12,Ziguinchor,NULL,NULL,2.00000000000,Ziguinchor,4.00000000000,Sud,CEN,R,12.50285702700,-16.66286843700,9999.00000000000,0.00000000000,WGS84,194,SEN,Senegal,2641,Ziguinchor,31105,Oussouye,92553,Loudia Ouolof,,,,Arrondissment,Arrondissement,Unknown,Present,,0.97438085288,0.03388391444
SN201200000195,SN,2012.00000000000,195.00000000000,SG,SG12,Ziguinchor,NULL,NULL,2.00000000000,Ziguinchor,4.00000000000,Sud,GAZ,R,12.61894639200,-15.98368000000,9999.00000000000,15.00000000000,WGS84,194,SEN,Senegal,2641,Ziguinchor,31106,Ziguinchor,92554,Niaguis,,,,Arrondissment,Arrondissement,Unknown,Present,,1.21972721474,0.06273588113
SN201200000196,SN,2012.00000000000,196.00000000000,SG,SG12,Ziguinchor,NULL,NULL,2.00000000000,Ziguinchor,4.00000000000,Sud,CEN,U,12.56765787700,-16.25816937100,9999.00000000000,10.00000000000,WGS84,194,SEN,Senegal,2641,Ziguinchor,31106,Ziguinchor,92554,Niaguis,,,,Arrondissment,Arrondissement,Unknown,Present,,1.21972721474,0.06273588113
SN201200000197,SN,2012.00000000000,197.00000000000,SG,SG12,Ziguinchor,NULL,NULL,2.00000000000,Ziguinchor,4.00000000000,Sud,CEN,U,12.56451814200,-16.26224944900,9999.00000000000,17.00000000000,WGS84,194,SEN,Senegal,2641,Ziguinchor,31106,Ziguinchor,92554,Niaguis,,,,Arrondissment,Arrondissement,Unknown,Present,,1.21972721474,0.06273588113
SN201200000198,SN,2012.00000000000,198.00000000000,SG,SG12,Ziguinchor,NULL,NULL,2.00000000000,Ziguinchor,4.00000000000,Sud,CEN,U,12.58041970300,-16.28924877100,9999.00000000000,11.00000000000,WGS84,194,SEN,Senegal,2641,Ziguinchor,31106,Ziguinchor,92554,Niaguis,,,,Arrondissment,Arrondissement,Unknown,Present,,1.21972721474,0.06273588113
SN201200000199,SN,2012.00000000000,199.00000000000,SG,SG12,Ziguinchor,NULL,NULL,2.00000000000,Ziguinchor,4.00000000000,Sud,CEN,U,12.55426440800,-16.29133424500,9999.00000000000,11.00000000000,WGS84,194,SEN,Senegal,2641,Ziguinchor,31106,Ziguinchor,92554,Niaguis,,,,Arrondissment,Arrondissement,Unknown,Present,,1.21972721474,0.06273588113
SN201200000200,SN,2012.00000000000,200.00000000000,SG,SG12,Ziguinchor,NULL,NULL,2.00000000000,Ziguinchor,4.00000000000,Sud,CEN,U,12.56958336200,-16.26592184400,9999.00000000000,19.00000000000,WGS84,194,SEN,Senegal,2641,Ziguinchor,31106,Ziguinchor,92554,Niaguis,,,,Arrondissment,Arrondissement,Unknown,Present,,1.21972721474,0.06273588113
