CT,lon,lat,O_Area_km2,ID_1,P_Area_km2
1,-17.52514,14.74683,0.78923,2631,0.78923
2,-17.52436,14.74743,0.40481,2631,0.40481
3,-17.52258,14.7452,0.54391,2631,0.54391
4,-17.5164,14.74673,0.51415,2631,0.51415
5,-17.51287,14.74066,0.53626,2631,0.53626
6,-17.5121,14.74841,0.46968,2631,0.46968
7,-17.51096,14.7374,0.3939,2631,0.3939
8,-17.5084,14.73097,0.57692,2631,0.57692
9,-17.50704,14.74067,0.99409,2631,0.99409
10,-17.50877,14.74777,0.45389,2631,0.45389
11,-17.50507,14.75181,0.68762,2631,0.68762
12,-17.49987,14.75455,0.45895,2631,0.45895
13,-17.49757,14.72871,0.62957,2631,0.62957
14,-17.49776,14.73226,0.88513,2631,0.88513
15,-17.49397,14.75445,0.39338,2631,0.39338
16,-17.49485,14.72445,0.82533,2631,0.82533
17,-17.49036,14.73377,1.15324,2631,1.15324
18,-17.49164,14.72739,0.38048,2631,0.38048
19,-17.49129,14.71966,0.81378,2631,0.81378
20,-17.4914,14.75666,0.364,2631,0.364
21,-17.48793,14.75005,0.56468,2631,0.56468
22,-17.487,14.75226,0.67676,2631,0.67676
23,-17.49125,14.74572,1.42714,2631,1.42714
24,-17.48697,14.72432,0.30252,2631,0.30252
25,-17.48757,14.70724,0.37847,2631,0.37847
26,-17.48536,14.72662,0.42941,2631,0.42941
27,-17.4849,14.71847,0.50067,2631,0.50067
28,-17.48083,14.72446,0.30686,2631,0.30686
29,-17.48192,14.72543,0.27464,2631,0.27464
30,-17.48051,14.7138,0.35156,2631,0.35156
31,-17.47905,14.76223,1.03083,2631,1.03083
32,-17.48125,14.70393,0.28785,2631,0.28785
33,-17.48077,14.70982,0.39128,2631,0.39128
34,-17.48086,14.71822,0.39143,2631,0.39143
35,-17.4748,14.7603,0.26981,2631,0.26981
36,-17.47484,14.70702,0.23435,2631,0.23435
37,-17.47659,14.70383,0.30397,2631,0.30397
38,-17.47447,14.72392,0.37362,2631,0.37362
39,-17.47509,14.71136,0.18703,2631,0.18703
40,-17.47277,14.70073,0.27908,2631,0.27908
41,-17.47526,14.71309,0.29393,2631,0.29393
42,-17.47532,14.75645,0.54956,2631,0.54956
43,-17.47642,14.73821,1.13631,2631,1.13631
44,-17.47522,14.74757,0.85993,2631,0.85993
45,-17.47538,14.73148,0.67553,2631,0.67553
46,-17.47208,14.70847,0.25497,2631,0.25497
47,-17.47233,14.69509,0.37116,2631,0.37116
48,-17.47179,14.72089,0.32045,2631,0.32045
49,-17.47059,14.72822,0.24301,2631,0.24301
50,-17.47195,14.75373,0.29188,2631,0.29188
51,-17.47162,14.75037,0.18857,2631,0.18857
52,-17.47013,14.7013,0.28822,2631,0.28822
53,-17.47017,14.76046,0.24583,2631,0.24583
54,-17.46986,14.74848,0.09752,2631,0.09752
55,-17.46896,14.73851,0.29221,2631,0.29221
56,-17.46957,14.7453,0.31726,2631,0.31726
57,-17.47086,14.72424,0.20535,2631,0.20535
58,-17.46946,14.73091,0.30869,2631,0.30869
59,-17.4689,14.7134,0.20112,2631,0.20112
60,-17.47031,14.71699,0.32821,2631,0.32821
61,-17.46935,14.67753,0.67152,2631,0.67152
62,-17.46935,14.69059,0.46581,2631,0.46581
63,-17.46855,14.74889,0.09485,2631,0.09485
64,-17.46765,14.70961,0.18426,2631,0.18426
65,-17.46838,14.69428,0.25118,2631,0.25118
66,-17.46785,14.68363,0.18502,2631,0.18502
67,-17.46738,14.75961,0.18021,2631,0.18021
68,-17.46615,14.75055,0.24839,2631,0.24839
69,-17.46694,14.75642,0.28264,2631,0.28264
70,-17.46581,14.69941,0.28434,2631,0.28434
71,-17.46785,14.73717,0.26107,2631,0.26107
72,-17.46571,14.72448,0.31561,2631,0.31561
73,-17.46597,14.70582,0.3406,2631,0.3406
74,-17.46676,14.71159,0.10286,2631,0.10286
75,-17.46526,14.72922,0.26534,2631,0.26534
76,-17.46546,14.71441,0.16666,2631,0.16666
77,-17.46676,14.6855,0.27837,2631,0.27837
78,-17.46646,14.74089,0.25625,2631,0.25625
79,-17.46368,14.69529,0.17517,2631,0.17517
80,-17.46624,14.74669,0.24341,2631,0.24341
81,-17.46365,14.7124,0.19283,2631,0.19283
82,-17.46355,14.68095,0.40341,2631,0.40341
83,-17.4623,14.7493,0.28305,2631,0.28305
84,-17.46185,14.70776,0.28002,2631,0.28002
85,-17.46293,14.69285,0.24795,2631,0.24795
86,-17.46392,14.75995,0.38304,2631,0.38304
87,-17.4632,14.71781,0.28087,2631,0.28087
88,-17.46355,14.73811,0.22952,2631,0.22952
89,-17.46116,14.72151,0.12216,2631,0.12216
90,-17.46237,14.75771,0.21868,2631,0.21868
91,-17.46226,14.6987,0.19081,2631,0.19081
92,-17.46226,14.72685,0.14534,2631,0.14534
93,-17.46136,14.73321,0.28784,2631,0.28784
94,-17.46165,14.68818,0.32787,2631,0.32787
95,-17.46057,14.74136,0.25146,2631,0.25146
96,-17.45962,14.75623,0.17528,2631,0.17528
97,-17.46041,14.72941,0.20735,2631,0.20735
98,-17.45946,14.75225,0.17688,2631,0.17688
99,-17.46072,14.72015,0.11519,2631,0.11519
100,-17.46111,14.72424,0.14785,2631,0.14785
101,-17.45908,14.6968,0.27941,2631,0.27941
102,-17.45891,14.71219,0.19954,2631,0.19954
103,-17.45881,14.7158,0.2112,2631,0.2112
104,-17.45947,14.68077,0.18531,2631,0.18531
105,-17.45915,14.70163,0.32402,2631,0.32402
106,-17.45788,14.70605,0.18515,2631,0.18515
107,-17.45938,14.73725,0.20527,2631,0.20527
108,-17.45809,14.72162,0.13813,2631,0.13813
109,-17.45834,14.67906,0.19673,2631,0.19673
110,-17.45699,14.68654,0.22435,2631,0.22435
111,-17.45742,14.74127,0.0932,2631,0.0932
112,-17.45745,14.74407,0.26154,2631,0.26154
113,-17.45832,14.69081,0.2412,2631,0.2412
114,-17.45615,14.70786,0.14514,2631,0.14514
115,-17.45661,14.7543,0.11184,2631,0.11184
116,-17.45809,14.75045,0.18984,2631,0.18984
117,-17.45694,14.72617,0.18871,2631,0.18871
118,-17.45785,14.74041,0.10308,2631,0.10308
119,-17.45617,14.734,0.2388,2631,0.2388
120,-17.45641,14.68272,0.13859,2631,0.13859
121,-17.45512,14.73046,0.13766,2631,0.13766
122,-17.45597,14.71837,0.16875,2631,0.16875
123,-17.45632,14.75818,0.31093,2631,0.31093
124,-17.45596,14.6803,0.14372,2631,0.14372
125,-17.45424,14.70547,0.19681,2631,0.19681
126,-17.45512,14.72185,0.14611,2631,0.14611
127,-17.45582,14.71234,0.17267,2631,0.17267
128,-17.4551,14.69373,0.2364,2631,0.2364
129,-17.45457,14.75677,0.13677,2631,0.13677
130,-17.45309,14.67673,0.26266,2631,0.26266
131,-17.45284,14.70048,0.33911,2631,0.33911
132,-17.45359,14.68833,0.21435,2631,0.21435
133,-17.45374,14.74798,0.28406,2631,0.28406
134,-17.45528,14.75254,0.16794,2631,0.16794
135,-17.45427,14.72519,0.1593,2631,0.1593
136,-17.45326,14.74261,0.16983,2631,0.16983
137,-17.45434,14.72979,0.14214,2631,0.14214
138,-17.45326,14.73863,0.13914,2631,0.13914
139,-17.45233,14.69366,0.17932,2631,0.17932
140,-17.45344,14.68346,0.19478,2631,0.19478
141,-17.45344,14.71,0.14249,2631,0.14249
142,-17.45305,14.71674,0.18827,2631,0.18827
143,-17.45231,14.74062,0.08273,2631,0.08273
144,-17.45181,14.71407,0.11666,2631,0.11666
145,-17.45231,14.76241,0.45471,2631,0.45471
146,-17.45192,14.72288,0.12192,2631,0.12192
147,-17.45118,14.67856,0.12503,2631,0.12503
148,-17.44982,14.69631,0.25153,2631,0.25153
149,-17.45099,14.71191,0.1055,2631,0.1055
150,-17.45079,14.67468,0.16702,2631,0.16702
151,-17.45121,14.75445,0.18187,2631,0.18187
152,-17.45218,14.73677,0.2195,2631,0.2195
153,-17.45076,14.75788,0.20108,2631,0.20108
154,-17.45142,14.73213,0.24835,2631,0.24835
155,-17.44933,14.68677,0.17085,2631,0.17085
156,-17.44963,14.74469,0.16869,2631,0.16869
157,-17.4501,14.70372,0.21754,2631,0.21754
158,-17.44922,14.70947,0.07068,2631,0.07068
159,-17.45055,14.70703,0.15703,2631,0.15703
160,-17.44969,14.72026,0.23536,2631,0.23536
161,-17.4504,14.6903,0.20216,2631,0.20216
162,-17.44984,14.72416,0.12476,2631,0.12476
163,-17.44975,14.68179,0.17111,2631,0.17111
164,-17.44985,14.74044,0.20614,2631,0.20614
165,-17.44975,14.67957,0.10772,2631,0.10772
166,-17.44909,14.7267,0.20918,2631,0.20918
167,-17.44869,14.74956,0.23238,2631,0.23238
168,-17.44885,14.71487,0.0934,2631,0.0934
169,-17.448,14.76157,0.18916,2631,0.18916
170,-17.44651,14.69421,0.20485,2631,0.20485
171,-17.44783,14.70949,0.10566,2631,0.10566
172,-17.44824,14.71036,0.05924,2631,0.05924
173,-17.44872,14.74647,0.19113,2631,0.19113
174,-17.44816,14.71562,0.16841,2631,0.16841
175,-17.44742,14.67299,0.16733,2631,0.16733
176,-17.44836,14.75283,0.14646,2631,0.14646
177,-17.44702,14.68764,0.17219,2631,0.17219
178,-17.44693,14.75562,0.16232,2631,0.16232
179,-17.44637,14.67747,0.19755,2631,0.19755
180,-17.44684,14.73164,0.28435,2631,0.28435
181,-17.44582,14.72567,0.11227,2631,0.11227
182,-17.44496,14.73609,0.25997,2631,0.25997
183,-17.44474,14.70636,0.24641,2631,0.24641
184,-17.44592,14.72353,0.15647,2631,0.15647
185,-17.44606,14.68398,0.24203,2631,0.24203
186,-17.44684,14.76394,0.31119,2631,0.31119
187,-17.44614,14.71231,0.19819,2631,0.19819
188,-17.44371,14.69251,0.40451,2631,0.40451
189,-17.44471,14.73884,0.24155,2631,0.24155
190,-17.44496,14.74248,0.28482,2631,0.28482
191,-17.4447,14.69782,0.28349,2631,0.28349
192,-17.44592,14.7018,0.30487,2631,0.30487
193,-17.4435,14.67518,0.15229,2631,0.15229
194,-17.44433,14.75305,0.16176,2631,0.16176
195,-17.44414,14.72793,0.26807,2631,0.26807
196,-17.44377,14.76061,0.11562,2631,0.11562
197,-17.44213,14.66651,0.10413,2631,0.10413
198,-17.44405,14.75806,0.15302,2631,0.15302
199,-17.44351,14.75515,0.11511,2631,0.11511
200,-17.44337,14.67072,0.2125,2631,0.2125
201,-17.44326,14.68744,0.30214,2631,0.30214
202,-17.44321,14.67812,0.21135,2631,0.21135
203,-17.44161,14.75008,0.18227,2631,0.18227
204,-17.44274,14.71537,0.38094,2631,0.38094
205,-17.44351,14.71934,0.30109,2631,0.30109
206,-17.4419,14.7084,0.26569,2631,0.26569
207,-17.44111,14.74675,0.18633,2631,0.18633
208,-17.44188,14.66421,0.1525,2631,0.1525
209,-17.44233,14.76256,0.22862,2631,0.22862
210,-17.44238,14.72357,0.28126,2631,0.28126
211,-17.44091,14.68272,0.28111,2631,0.28111
212,-17.44179,14.76155,0.12784,2631,0.12784
213,-17.44074,14.73319,0.21168,2631,0.21168
214,-17.44046,14.66959,0.0789,2631,0.0789
215,-17.43999,14.75348,0.08816,2631,0.08816
216,-17.44044,14.66793,0.07613,2631,0.07613
217,-17.43963,14.67218,0.10584,2631,0.10584
218,-17.43934,14.75251,0.14663,2631,0.14663
219,-17.44029,14.67455,0.15897,2631,0.15897
220,-17.43912,14.74356,0.28246,2631,0.28246
221,-17.44021,14.66039,0.34812,2631,0.34812
222,-17.43901,14.7581,0.1641,2631,0.1641
223,-17.44059,14.74778,0.09995,2631,0.09995
224,-17.43907,14.70414,0.47163,2631,0.47163
225,-17.43747,14.6629,0.16411,2631,0.16411
226,-17.43776,14.66704,0.08532,2631,0.08532
227,-17.43759,14.66963,0.08995,2631,0.08995
228,-17.43806,14.67981,0.32808,2631,0.32808
229,-17.43947,14.75591,0.11454,2631,0.11454
230,-17.4363,14.67578,0.15676,2631,0.15676
231,-17.43925,14.73579,0.25601,2631,0.25601
232,-17.43899,14.69869,0.56114,2631,0.56114
233,-17.43828,14.73138,0.18145,2631,0.18145
234,-17.43765,14.70937,0.48724,2631,0.48724
235,-17.43648,14.67224,0.11073,2631,0.11073
236,-17.43726,14.76612,0.55523,2631,0.55523
237,-17.43663,14.6864,0.61915,2631,0.61915
238,-17.43595,14.76143,0.25245,2631,0.25245
239,-17.43704,14.72979,0.39822,2631,0.39822
240,-17.43657,14.74887,0.37229,2631,0.37229
241,-17.43353,14.65547,0.23961,2631,0.23961
242,-17.4361,14.66744,0.07044,2631,0.07044
243,-17.4362,14.66593,0.09285,2631,0.09285
244,-17.43596,14.71899,0.53996,2631,0.53996
245,-17.43663,14.73936,0.24649,2631,0.24649
246,-17.4345,14.66275,0.16584,2631,0.16584
247,-17.43436,14.67072,0.08872,2631,0.08872
248,-17.43654,14.72334,0.46391,2631,0.46391
249,-17.43379,14.67685,0.46397,2631,0.46397
250,-17.43294,14.67326,0.19978,2631,0.19978
251,-17.43586,14.75623,0.25284,2631,0.25284
252,-17.43304,14.69232,0.74911,2631,0.74911
253,-17.43269,14.66764,0.11281,2631,0.11281
254,-17.4336,14.6599,0.17389,2631,0.17389
255,-17.43517,14.74191,0.31869,2631,0.31869
256,-17.43227,14.71349,0.45042,2631,0.45042
257,-17.43232,14.67037,0.07606,2631,0.07606
258,-17.43355,14.65182,0.40095,2631,0.40095
259,-17.43118,14.75153,0.531,2631,0.531
260,-17.43243,14.76386,0.19656,2631,0.19656
261,-17.43081,14.66635,0.11924,2631,0.11924
262,-17.43322,14.73483,0.30807,2631,0.30807
263,-17.43116,14.76027,0.13747,2631,0.13747
264,-17.43172,14.75763,0.21163,2631,0.21163
265,-17.43035,14.69905,0.79627,2631,0.79627
266,-17.4312,14.73978,0.29725,2631,0.29725
267,-17.43003,14.67034,0.10428,2631,0.10428
268,-17.42904,14.70616,0.40812,2631,0.40812
269,-17.42868,14.76869,0.39997,2631,0.39997
270,-17.42791,14.72412,0.45322,2631,0.45322
271,-17.42846,14.67091,0.20882,2631,0.20882
272,-17.43014,14.76523,0.21939,2631,0.21939
273,-17.42987,14.73437,0.20452,2631,0.20452
274,-17.42792,14.73985,0.2101,2631,0.2101
275,-17.42876,14.75877,0.10924,2631,0.10924
276,-17.42802,14.76144,0.14725,2631,0.14725
277,-17.4266,14.75667,0.36351,2631,0.36351
278,-17.42786,14.73096,0.41661,2631,0.41661
279,-17.42571,14.76877,0.26911,2631,0.26911
280,-17.42536,14.76017,0.14019,2631,0.14019
281,-17.42656,14.7363,0.15971,2631,0.15971
282,-17.42516,14.68778,0.69831,2631,0.69831
283,-17.42578,14.6711,0.48703,2631,0.48703
284,-17.4252,14.73914,0.19636,2631,0.19636
285,-17.42554,14.7332,0.14433,2631,0.14433
286,-17.42703,14.70538,0.31656,2631,0.31656
287,-17.42455,14.74422,0.51924,2631,0.51924
288,-17.42434,14.76212,0.24559,2631,0.24559
289,-17.42123,14.70128,0.58228,2631,0.58228
290,-17.42264,14.77,0.18388,2631,0.18388
291,-17.42302,14.73342,0.39921,2631,0.39921
292,-17.42465,14.74965,0.66999,2631,0.66999
293,-17.42034,14.75964,0.58231,2631,0.58231
294,-17.42075,14.77234,0.36064,2631,0.36064
295,-17.42134,14.73706,0.28127,2631,0.28127
296,-17.42103,14.76742,0.24153,2631,0.24153
297,-17.41797,14.73887,0.35621,2631,0.35621
298,-17.41796,14.76462,0.20812,2631,0.20812
299,-17.41672,14.77073,0.26064,2631,0.26064
300,-17.41513,14.76245,0.59894,2631,0.59894
301,-17.41363,14.73805,0.50443,2631,0.50443
302,-17.4164,14.74466,0.53007,2631,0.53007
303,-17.41532,14.76613,0.20862,2631,0.20862
304,-17.41297,14.77007,0.22575,2631,0.22575
305,-17.4142,14.74936,0.57396,2631,0.57396
306,-17.41124,14.75217,0.63032,2631,0.63032
307,-17.41296,14.77501,0.53762,2631,0.53762
308,-17.40996,14.76718,0.57471,2631,0.57471
309,-17.41,14.74056,0.72978,2631,0.72978
310,-17.4077,14.77093,0.32403,2631,0.32403
311,-17.40651,14.74592,0.5168,2631,0.5168
312,-17.40646,14.77719,0.66056,2631,0.66056
313,-17.40638,14.7516,0.68167,2631,0.68167
314,-17.40329,14.76861,0.48787,2631,0.48787
315,-17.40194,14.77285,0.32912,2631,0.32912
316,-17.39936,14.66738,0.33404,2631,0.33404
317,-17.39916,14.75335,0.45627,2631,0.45627
318,-17.39895,14.77757,0.2516,2631,0.2516
319,-17.4006,14.74527,0.83488,2631,0.83488
320,-17.39588,14.75473,0.27416,2631,0.27416
321,-17.398,14.74934,0.29509,2631,0.29509
322,-17.39817,14.77845,0.53307,2631,0.53307
323,-17.39611,14.77432,0.15176,2631,0.15176
324,-17.39874,14.76775,0.35235,2631,0.35235
325,-17.39664,14.7711,0.27852,2631,0.27852
326,-17.39488,14.76444,0.33974,2631,0.33974
327,-17.39656,14.75978,0.55002,2631,0.55002
328,-17.39393,14.74861,0.22267,2631,0.22267
329,-17.39367,14.76006,0.23921,2631,0.23921
330,-17.39419,14.77586,0.23282,2631,0.23282
331,-17.39332,14.77439,0.2238,2631,0.2238
332,-17.39173,14.75254,0.29639,2631,0.29639
333,-17.39193,14.74444,0.75295,2631,0.75295
334,-17.3913,14.74795,0.2716,2631,0.2716
335,-17.38948,14.76189,0.23038,2631,0.23038
336,-17.39044,14.78436,0.74875,2631,0.74875
337,-17.38744,14.77999,0.28295,2631,0.28295
338,-17.38961,14.76694,0.25471,2631,0.25471
339,-17.38891,14.76888,0.34148,2631,0.34148
340,-17.38828,14.75812,0.41907,2631,0.41907
341,-17.38811,14.77631,0.31296,2631,0.31296
342,-17.38664,14.75215,0.45608,2631,0.45608
343,-17.38559,14.76293,0.25059,2631,0.25059
344,-17.38332,14.76496,0.25239,2631,0.25239
345,-17.38445,14.77957,0.28691,2631,0.28691
346,-17.38295,14.7436,0.59704,2631,0.59704
347,-17.38151,14.75033,0.51041,2631,0.51041
348,-17.38403,14.77311,0.3322,2631,0.3322
349,-17.38292,14.78729,0.75622,2631,0.75622
350,-17.38042,14.76192,0.29701,2631,0.29701
351,-17.38206,14.77574,0.2845,2631,0.2845
352,-17.38005,14.76821,0.36655,2631,0.36655
353,-17.37919,14.78262,0.31909,2631,0.31909
354,-17.37832,14.7594,0.36791,2631,0.36791
355,-17.37875,14.74669,0.39455,2631,0.39455
356,-17.37791,14.74129,0.30833,2631,0.30833
357,-17.3771,14.78535,0.46252,2631,0.46252
358,-17.37692,14.7765,0.33214,2631,0.33214
359,-17.3752,14.78347,0.19837,2631,0.19837
360,-17.37577,14.77019,0.40472,2631,0.40472
361,-17.37516,14.75614,0.52575,2631,0.52575
362,-17.37478,14.7632,0.38987,2631,0.38987
363,-17.37266,14.78224,0.2422,2631,0.2422
364,-17.37192,14.74248,0.4878,2631,0.4878
365,-17.37185,14.74912,0.43337,2631,0.43337
366,-17.37359,14.77576,0.34979,2631,0.34979
367,-17.3704,14.77174,0.39952,2631,0.39952
368,-17.36889,14.76466,0.39324,2631,0.39324
369,-17.37042,14.76055,0.36042,2631,0.36042
370,-17.37034,14.78353,0.54505,2631,0.54505
371,-17.36794,14.74657,0.41683,2631,0.41683
372,-17.36933,14.79092,1.14177,2631,1.14177
373,-17.36798,14.75164,0.34042,2631,0.34042
374,-17.36642,14.75625,0.41198,2631,0.41198
375,-17.36528,14.77719,0.37311,2631,0.37311
376,-17.36077,14.79431,1.519,2631,1.519
377,-17.3658,14.77367,0.42794,2631,0.42794
378,-17.3639,14.76533,0.43363,2631,0.43363
379,-17.36231,14.75044,0.31161,2631,0.31161
380,-17.36279,14.76185,0.29272,2631,0.29272
381,-17.36181,14.77821,0.60692,2631,0.60692
382,-17.36115,14.74375,0.60113,2631,0.60113
383,-17.35922,14.78737,1.02233,2631,1.02233
384,-17.36136,14.75937,0.28617,2631,0.28617
385,-17.35927,14.75481,0.37112,2631,0.37112
386,-17.35987,14.75076,0.3133,2631,0.3133
387,-17.35676,14.74202,0.54921,2631,0.54921
388,-17.35439,14.77688,0.46563,2631,0.46563
389,-17.3578,14.77024,0.59417,2631,0.59417
390,-17.35596,14.73807,0.57684,2631,0.57684
391,-17.35521,14.76108,0.45207,2631,0.45207
392,-17.35509,14.76538,0.50067,2631,0.50067
393,-17.35251,14.7555,0.5392,2631,0.5392
394,-17.35273,14.74945,0.67005,2631,0.67005
395,-17.35081,14.78141,0.67026,2631,0.67026
396,-17.35152,14.77442,0.56702,2631,0.56702
397,-17.3468,14.76393,0.9669,2631,0.9669
398,-17.34863,14.7927,1.99652,2631,1.99652
399,-17.34537,14.75422,1.32783,2631,1.32783
400,-17.34676,14.78016,1.02077,2631,1.02077
401,-17.34654,14.76776,0.84997,2631,0.84997
402,-17.34505,14.74836,1.35199,2631,1.35199
403,-17.33465,14.77464,0.69635,2631,0.69635
404,-17.33654,14.79704,3.65523,2631,3.65523
405,-17.33502,14.77163,0.90199,2631,0.90199
406,-17.33937,14.79227,0.94761,2631,0.94761
407,-17.33527,14.7838,1.2329,2631,1.2329
408,-17.33399,14.74446,1.86467,2631,1.86467
409,-17.3333,14.73499,1.26247,2631,1.26247
410,-17.32863,14.76737,2.51494,2631,2.51494
411,-17.32613,14.74218,0.89557,2631,0.89557
412,-17.3275,14.77657,0.94582,2631,0.94582
413,-17.32762,14.79192,2.91169,2631,2.91169
414,-17.32214,14.73415,0.60202,2631,0.60202
415,-17.32433,14.73006,0.53865,2631,0.53865
416,-17.31994,14.74726,2.00504,2631,2.00504
417,-17.32297,14.77442,0.91206,2631,0.91206
418,-17.31859,14.73875,0.51394,2631,0.51394
419,-17.31668,14.7436,0.4248,2631,0.4248
420,-17.31667,14.77699,1.04081,2631,1.04081
421,-17.31413,14.79048,7.32566,2631,7.32566
422,-17.31587,14.72557,0.87098,2631,0.87098
423,-17.31118,14.74465,1.41351,2631,1.41351
424,-17.31319,14.73399,1.26391,2631,1.26391
425,-17.31076,14.78207,0.8879,2631,0.8879
426,-17.30902,14.77046,1.13263,2631,1.13263
427,-17.30894,14.77634,0.35456,2631,0.35456
428,-17.30678,14.77939,1.592,2631,1.592
429,-17.3008,14.75282,2.20404,2631,2.20404
430,-17.30499,14.76233,1.75417,2631,1.75417
431,-17.30181,14.7677,1.38326,2631,1.38326
432,-17.30554,14.77346,0.73284,2631,0.73284
433,-17.29886,14.73077,1.83141,2631,1.83141
434,-17.29987,14.72093,1.31888,2631,1.31888
435,-17.29868,14.74176,2.29305,2631,2.29305
436,-17.28513,14.78976,3.97621,2631,3.97621
437,-17.28671,14.71441,0.12926,2631,0.12926
438,-17.2886,14.71707,0.55188,2631,0.55188
439,-17.28579,14.77158,1.95648,2631,1.95648
440,-17.2855,14.72142,0.82021,2631,0.82021
441,-17.28386,14.7318,1.403,2631,1.403
442,-17.28561,14.71466,0.41587,2631,0.41587
443,-17.28026,14.7235,0.48811,2631,0.48811
444,-17.27976,14.73341,0.80532,2631,0.80532
445,-17.2788,14.80382,15.2788,2631,15.2788
446,-17.27618,14.74469,3.65535,2631,3.65535
447,-17.28447,14.76146,3.4538,2631,3.4538
448,-17.27685,14.7178,0.58671,2631,0.58671
449,-17.27651,14.72683,0.52643,2631,0.52643
450,-17.27984,14.77476,2.52121,2631,2.52121
451,-17.27561,14.79043,2.21354,2631,2.21354
452,-17.27184,14.7223,0.48096,2631,0.48096
453,-17.27331,14.71786,0.25596,2631,0.25596
454,-17.27032,14.71557,0.34708,2631,0.34708
455,-17.27201,14.73309,1.1007,2631,1.1007
456,-17.26886,14.78374,5.91318,2631,5.91318
457,-17.26916,14.712,0.40739,2631,0.40739
458,-17.26663,14.72134,0.35878,2631,0.35878
459,-17.26378,14.72512,0.42428,2631,0.42428
460,-17.26196,14.73373,3.20241,2631,3.20241
461,-17.26251,14.71457,0.36958,2631,0.36958
462,-17.26271,14.71796,0.28796,2631,0.28796
463,-17.26299,14.72859,0.71829,2631,0.71829
464,-17.25921,14.70781,0.99515,2631,0.99515
465,-17.25848,14.71249,0.50567,2631,0.50567
466,-17.25666,14.75824,7.77167,2631,7.77167
467,-17.25396,14.71735,0.8927,2631,0.8927
468,-17.25877,14.72018,0.75971,2631,0.75971
469,-17.24659,14.80615,39.22742,2631,39.22742
470,-17.24733,14.71626,4.41833,2631,4.41833
471,-17.23866,14.74654,11.40955,2631,11.40955
472,-17.23578,14.69393,1.29613,2631,1.29613
473,-17.23179,14.70624,7.24422,2631,7.24422
474,-17.23249,14.69013,0.6496,2631,0.6496
475,-17.22592,14.69908,4.91221,2631,4.91221
476,-17.22415,14.69431,5.2211,2631,5.2211
477,-17.22498,14.76713,18.88082,2631,18.88082
478,-17.20488,14.67341,13.87373,2631,13.87373
479,-17.18437,14.78913,28.35645,2631,28.3531
479,-17.18437,14.78913,28.35645,2640,0.00335
480,-17.17829,14.7365,27.98366,2631,27.98366
481,-17.16592,14.82036,57.5531,2631,46.6326
481,-17.16592,14.82036,57.5531,2640,10.9205
482,-17.16514,14.64592,11.77212,2631,11.77212
483,-17.15202,14.62586,11.69473,2631,9.19107
483,-17.15202,14.62586,11.69473,2640,2.50366
484,-17.14568,14.74949,12.2832,2631,10.08322
484,-17.14568,14.74949,12.2832,2640,2.19998
485,-17.15001,14.60897,11.491,2631,6.33722
485,-17.15001,14.60897,11.491,2640,5.15378
486,-17.15052,14.74385,7.60465,2631,7.60465
487,-17.1161,14.81989,52.11598,2640,52.11598
488,-17.13688,14.74581,6.77881,2631,5.19601
488,-17.13688,14.74581,6.77881,2640,1.5828
489,-17.15321,14.67313,33.07149,2631,25.45831
489,-17.15321,14.67313,33.07149,2640,7.61318
490,-17.12025,14.74167,17.40227,2631,1.98063
490,-17.12025,14.74167,17.40227,2640,15.42165
491,-17.12426,14.91034,26.553,2631,0.75396
491,-17.12426,14.91034,26.553,2640,25.79904
492,-17.12991,14.71944,30.00798,2631,12.97489
492,-17.12991,14.71944,30.00798,2640,17.03309
493,-17.10571,14.56493,28.40634,2631,0.00733
493,-17.10571,14.56493,28.40634,2640,28.39901
494,-17.10972,14.9308,25.84171,2640,25.84171
495,-17.09658,14.53106,20.4163,2640,20.4163
496,-17.09043,14.90617,30.40625,2640,30.40625
497,-17.10016,14.62117,27.3082,2640,27.3082
498,-17.07726,14.48492,7.60616,2640,7.60616
499,-17.08436,14.86398,37.63944,2640,37.63944
500,-17.07886,14.63216,29.36048,2640,29.36048
501,-17.06661,14.48116,12.87983,2640,12.87983
502,-17.04635,14.65446,72.27989,2640,72.27989
503,-17.07685,14.74321,76.60711,2640,76.60711
504,-17.05194,14.45982,6.03379,2640,6.03379
505,-17.04131,14.4533,5.24701,2640,5.24701
506,-17.01704,14.81301,59.89491,2640,59.89491
507,-17.03662,14.58366,32.34589,2640,32.34589
508,-17.01671,14.59078,38.43202,2640,38.43202
509,-17.016,14.45109,9.24752,2640,9.24752
510,-17.03742,14.8776,55.38442,2640,55.38442
511,-17.01513,14.44382,1.24813,2640,1.24813
512,-17.00664,14.44451,3.19981,2640,3.19981
513,-17.01765,14.5258,34.75202,2640,34.75202
514,-17.02133,15.00315,77.00478,2640,77.00478
515,-17.00777,14.50212,23.58268,2640,23.58268
516,-17.00049,14.44026,1.6436,2640,1.6436
517,-16.99588,14.43374,1.77224,2640,1.77224
518,-16.98542,14.44186,7.03699,2640,7.03699
519,-16.98413,14.42116,1.5053,2640,1.5053
520,-17.00073,14.93713,90.39706,2640,90.39706
521,-16.97373,14.41762,0.9503,2640,0.9503
522,-16.97751,14.4271,1.76595,2640,1.76595
523,-16.97539,14.43949,5.30885,2640,5.30885
524,-16.97167,14.41227,0.63977,2640,0.63977
525,-16.96603,14.42128,1.29778,2640,1.29778
526,-16.96714,14.41112,0.75538,2640,0.75538
527,-16.96385,14.41664,0.57573,2640,0.57573
528,-16.95031,14.47025,51.02775,2640,51.02775
529,-16.97188,14.802,13.95543,2640,13.95543
530,-16.95291,14.43332,18.37635,2640,18.37635
531,-16.9601,14.40315,1.95766,2640,1.95766
532,-16.96001,14.41984,1.06565,2640,1.06565
533,-16.97266,14.78497,30.83586,2640,30.83586
534,-16.95328,14.41475,3.62581,2640,3.62581
535,-16.9421,14.4002,37.26956,2640,37.26956
536,-16.94584,14.65982,75.05036,2640,75.05036
537,-16.94821,14.40311,2.13933,2640,2.13933
538,-16.9418,14.75553,43.52235,2640,43.52235
539,-16.95012,14.77002,7.55801,2640,7.55801
540,-16.96515,14.51467,63.49581,2640,63.49581
541,-16.94394,14.77742,2.3212,2640,2.3212
542,-16.94756,14.99815,81.02827,2640,81.02827
543,-16.943,14.79865,3.39629,2640,3.39629
544,-16.95027,14.81506,23.33195,2640,23.33195
545,-16.93705,14.78798,0.84866,2640,0.84866
546,-16.93605,14.77373,1.33045,2640,1.33045
547,-16.93466,14.78031,0.4847,2640,0.4847
548,-16.95705,14.61802,68.46331,2640,68.46331
549,-16.936,14.78895,0.27174,2640,0.27174
550,-16.9353,14.79383,0.52286,2640,0.52286
551,-16.9332,14.77719,0.30671,2640,0.30671
552,-16.93254,14.79768,0.34481,2640,0.34481
553,-16.93477,14.78508,0.50894,2640,0.50894
554,-16.93463,14.8057,1.47047,2640,1.47047
555,-16.92937,14.33185,36.50255,2640,36.50255
556,-16.93092,14.80084,0.31137,2640,0.31137
557,-16.92894,14.79549,0.35075,2640,0.35075
558,-16.92954,14.8159,4.60179,2640,4.60179
559,-16.92718,14.79088,0.7684,2640,0.7684
560,-16.92608,14.77825,0.71663,2640,0.71663
561,-16.92861,14.77373,2.34106,2640,2.34106
562,-16.92695,14.80137,0.58257,2640,0.58257
563,-16.92584,14.29037,11.29265,2640,11.29265
564,-16.92026,14.78043,0.63053,2640,0.63053
565,-16.91996,14.80513,1.22664,2640,1.22664
566,-16.92215,14.79683,0.95502,2640,0.95502
567,-16.91849,14.78878,0.9687,2640,0.9687
568,-16.91551,14.77811,1.20955,2640,1.20955
569,-16.91417,14.78289,0.4368,2640,0.4368
570,-16.91263,14.81145,5.40282,2640,5.40282
571,-16.91193,14.80819,1.25431,2640,1.25431
572,-16.90263,14.79928,16.99037,2640,16.99037
573,-16.90953,14.77947,2.03399,2640,2.03399
574,-16.90923,14.78725,2.17418,2640,2.17418
575,-16.90532,14.76335,12.89655,2640,12.89655
576,-16.91662,14.83641,53.68212,2640,53.68212
577,-16.90199,15.14384,82.48041,2640,82.48041
578,-16.89882,14.76497,25.21186,2640,25.21186
579,-16.89477,15.11922,41.89832,2640,41.89832
580,-16.85996,14.88574,66.05693,2640,66.05693
581,-16.91135,15.06064,91.95425,2640,91.95425
582,-16.87092,14.69088,69.31798,2640,69.31798
583,-16.87581,14.29091,59.88311,2640,59.88311
584,-16.86418,14.23498,51.51812,2640,51.51812
585,-16.86405,14.95791,68.5142,2640,68.5142
586,-16.85385,14.60499,53.92553,2640,53.92553
587,-16.8574,14.18114,12.04819,2640,12.04819
588,-16.83611,14.64363,78.45392,2640,78.45392
589,-16.8434,14.16763,1.91488,2640,1.91488
590,-16.83126,14.7962,50.90327,2640,50.90327
591,-16.85245,14.56316,87.96996,2640,87.96996
592,-16.83768,14.16745,3.80493,2640,3.80493
593,-16.82817,15.29545,74.60989,2640,74.60989
594,-16.84158,15.08909,76.78702,2640,76.78702
595,-16.84668,14.43251,92.05778,2640,92.05778
596,-16.82482,14.16833,25.97802,2640,25.97802
597,-16.83505,14.91689,26.31057,2640,26.31057
598,-16.79322,14.50744,75.25872,2640,75.25872
599,-16.82782,14.9392,7.45168,2640,7.45168
600,-16.80216,14.39429,34.23676,2640,34.23676
601,-16.81038,14.34649,68.04687,2640,68.04687
602,-16.80261,15.04882,48.49847,2640,48.49847
603,-16.82408,14.96414,11.32089,2640,11.32089
604,-16.81866,14.94872,1.70089,2640,1.70089
605,-16.81394,14.9545,1.14761,2640,1.14761
606,-16.81656,14.95005,0.67806,2640,0.67806
607,-16.81996,14.96617,21.5739,2640,21.5739
608,-16.8093,14.93689,10.92008,2640,10.92008
609,-16.80656,14.95361,12.5149,2640,12.5149
610,-16.78427,14.41917,43.02095,2640,43.02095
611,-16.80911,14.75514,94.73372,2640,94.73372
612,-16.78288,12.47314,103.55039,2641,103.55039
613,-16.77526,14.93431,59.51589,2640,59.51589
614,-16.78508,14.84084,81.92327,2640,81.92327
615,-16.7747,15.24925,100.88026,2636,2.46282
615,-16.7747,15.24925,100.88026,2640,98.41744
616,-16.77763,14.17632,75.95529,2633,14.05418
616,-16.77763,14.17632,75.95529,2640,61.90111
617,-16.76967,14.01446,45.56952,2633,43.73296
617,-16.76967,14.01446,45.56952,2640,1.83656
618,-16.77138,15.06365,69.543,2640,69.543
619,-16.74968,14.55883,66.32291,2640,66.32291
620,-16.71659,12.3973,64.79869,2641,64.79869
621,-16.73518,14.25763,78.16166,2633,32.34991
621,-16.73518,14.25763,78.16166,2640,45.81176
622,-16.7206,12.95086,104.73823,2641,104.73823
623,-16.75614,14.33565,72.86277,2633,6.82967
623,-16.75614,14.33565,72.86277,2640,66.03311
624,-16.7123,12.35693,25.66365,2641,25.66365
625,-16.73229,14.11903,67.02514,2633,60.44386
625,-16.73229,14.11903,67.02514,2640,6.58128
626,-16.72251,12.96082,60.04343,2641,60.04343
627,-16.73278,13.87123,84.12443,2633,84.12443
628,-16.74274,13.91477,52.15467,2633,52.15467
629,-16.7481,15.01359,80.24669,2640,80.24669
630,-16.75403,15.19931,114.49822,2636,0.00467
630,-16.75403,15.19931,114.49822,2640,114.49355
631,-16.74411,14.5342,48.88874,2640,48.88874
632,-16.71098,14.67991,86.79861,2640,86.79861
633,-16.72854,14.41263,65.4571,2633,0.69009
633,-16.72854,14.41263,65.4571,2640,64.767
634,-16.69893,14.63039,53.34538,2640,53.34538
635,-16.71214,14.27072,87.56048,2633,81.84166
635,-16.71214,14.27072,87.56048,2640,5.71882
636,-16.71108,14.88143,88.24456,2640,88.24456
637,-16.72977,14.07001,65.97834,2633,56.85634
637,-16.72977,14.07001,65.97834,2640,9.122
638,-16.66339,14.08749,95.16165,2633,95.16165
639,-16.7169,12.8259,298.09933,2641,298.09933
640,-16.6773,14.77162,69.43535,2640,69.43535
641,-16.69367,15.14175,107.68548,2640,107.68548
642,-16.65946,12.50283,132.86191,2641,132.86191
643,-16.66019,14.12551,63.84821,2633,63.84821
644,-16.72534,15.42581,253.23394,2636,178.52815
644,-16.72534,15.42581,253.23394,2640,74.70578
645,-16.68051,14.47828,74.08044,2640,74.08044
646,-16.67758,14.80334,59.00218,2640,59.00218
647,-16.63038,14.178,157.36235,2633,157.36235
648,-16.61705,12.63219,234.29573,2641,234.29573
649,-16.64828,14.69351,55.9464,2632,2.19216
649,-16.64828,14.69351,55.9464,2640,53.75424
650,-16.65565,14.44706,48.2892,2633,0.12752
650,-16.65565,14.44706,48.2892,2640,48.16168
651,-16.64746,14.64868,35.89369,2632,3.55039
651,-16.64746,14.64868,35.89369,2640,32.3433
652,-16.63159,14.90522,72.79992,2632,46.92586
652,-16.63159,14.90522,72.79992,2640,25.87406
653,-16.65416,14.3912,72.94512,2633,70.37972
653,-16.65416,14.3912,72.94512,2640,2.5654
654,-16.64907,15.0557,61.31078,2640,61.31078
655,-16.63231,15.10002,35.67719,2640,35.67719
656,-16.64921,12.41962,120.47703,2641,120.47703
657,-16.66202,14.60016,64.70504,2640,64.70504
658,-16.61609,13.72115,133.13276,2633,133.13276
659,-16.64347,15.00576,80.19584,2632,0.6656
659,-16.64347,15.00576,80.19584,2640,79.53024
660,-16.61497,15.11667,36.89919,2640,36.89919
661,-16.66582,15.29324,225.33154,2636,210.73912
661,-16.66582,15.29324,225.33154,2640,14.59242
662,-16.61834,13.91247,215.71875,2633,215.71875
663,-16.59284,14.54563,91.29382,2640,91.29382
664,-16.61433,14.80335,61.45209,2632,37.50976
664,-16.61433,14.80335,61.45209,2640,23.94233
665,-16.56504,14.0094,168.84312,2633,168.84312
666,-16.63586,13.0392,240.52148,2641,240.52148
667,-16.59111,14.30894,117.11503,2633,117.11503
668,-16.58369,12.57096,117.00236,2641,117.00236
669,-16.60627,14.4081,73.42153,2633,71.75864
669,-16.60627,14.4081,73.42153,2640,1.66289
670,-16.61722,14.88515,59.38628,2632,46.5782
670,-16.61722,14.88515,59.38628,2640,12.80808
671,-16.5843,14.63137,91.71733,2632,67.37711
671,-16.5843,14.63137,91.71733,2640,24.34022
672,-16.56044,13.13831,249.97279,2641,249.97279
673,-16.59419,15.15592,138.46182,2636,48.81737
673,-16.59419,15.15592,138.46182,2640,89.64444
674,-16.54699,12.97931,173.08171,2641,173.08171
675,-16.58295,14.74026,67.11378,2632,49.09021
675,-16.58295,14.74026,67.11378,2640,18.02356
676,-16.54453,12.44609,198.67881,2641,198.67881
677,-16.54172,14.85189,61.49102,2632,61.49102
678,-16.57655,15.01249,95.94331,2632,20.89043
678,-16.57655,15.01249,95.94331,2640,75.05288
679,-16.5363,15.07247,106.61494,2640,106.61494
680,-16.55785,14.48057,72.30251,2633,34.11743
680,-16.55785,14.48057,72.30251,2640,38.18507
681,-16.51966,12.81957,147.10753,2641,147.10753
682,-16.52391,14.71418,45.01446,2632,45.01446
683,-16.53084,14.80501,69.89802,2632,69.89802
684,-16.49636,12.8056,49.97861,2641,49.97861
685,-16.49642,15.49231,397.3996,2636,397.3996
686,-16.50367,14.25818,100.04682,2633,100.04682
687,-16.53385,14.3394,99.50911,2633,99.50911
688,-16.54319,15.27255,235.83683,2636,174.59346
688,-16.54319,15.27255,235.83683,2640,61.24337
689,-16.53116,15.70293,261.36758,2636,261.36758
690,-16.52078,13.67879,124.08009,2633,124.08009
691,-16.51227,14.50899,45.61737,2633,35.84682
691,-16.51227,14.50899,45.61737,2640,9.77055
692,-16.50836,15.98445,2.93258,2638,2.93258
693,-16.50832,16.03081,0.35401,2638,0.35401
694,-16.51506,14.70513,35.59396,2632,35.59396
695,-16.50762,16.01652,1.91593,2638,1.91593
696,-16.50521,16.02531,0.70439,2638,0.70439
697,-16.50289,16.04154,6.39475,2638,6.39475
698,-16.50542,16.03091,0.7323,2638,0.7323
699,-16.49741,15.88433,144.83799,2636,40.65898
699,-16.49741,15.88433,144.83799,2638,104.17901
700,-16.49509,14.92921,126.19301,2632,124.12973
700,-16.49509,14.92921,126.19301,2640,2.06328
701,-16.47049,14.25783,88.45922,2633,88.45922
702,-16.49748,16.01904,0.60915,2638,0.60915
703,-16.49773,16.02466,0.58669,2638,0.58669
704,-16.46981,14.07653,80.83967,2633,80.83967
705,-16.49408,16.0147,0.74991,2638,0.74991
706,-16.49253,16.018,0.23039,2638,0.23039
707,-16.49155,16.0019,3.34781,2638,3.34781
708,-16.49127,16.03019,1.27046,2638,1.27046
709,-16.49039,16.01149,0.62787,2638,0.62787
710,-16.50151,15.9786,19.65956,2638,19.65956
711,-16.49252,16.02813,0.41091,2638,0.41091
712,-16.4899,16.01574,0.34711,2638,0.34711
713,-16.4798,12.86872,99.152,2641,99.152
714,-16.47116,13.76187,183.05954,2633,183.05954
715,-16.49095,16.0226,0.60103,2638,0.60103
716,-16.48639,16.00521,2.1217,2638,2.1217
717,-16.48015,14.46071,89.20152,2633,89.20152
718,-16.47658,15.98839,18.96314,2638,18.96314
719,-16.48242,16.01601,7.70318,2638,7.70318
720,-16.46746,14.60759,69.15243,2632,54.13922
720,-16.46746,14.60759,69.15243,2633,13.02309
720,-16.46746,14.60759,69.15243,2640,1.99012
721,-16.48461,16.02956,3.20791,2638,3.20791
722,-16.47842,12.97972,247.57618,2641,247.57618
723,-16.48295,14.55169,62.32599,2633,52.98621
723,-16.48295,14.55169,62.32599,2640,9.33979
724,-16.48082,12.72175,148.41886,2641,148.41886
725,-16.47509,14.84969,85.45885,2632,85.45885
726,-16.47401,14.11978,105.90852,2633,105.90852
727,-16.47356,14.69713,22.53355,2632,22.53355
728,-16.46718,12.5462,159.27488,2641,159.27488
729,-16.44874,14.11575,66.68043,2633,66.68043
730,-16.475,16.04581,14.75742,2638,14.75742
731,-16.46224,14.70098,13.97123,2632,13.97123
732,-16.45818,14.69144,19.46127,2632,19.46127
733,-16.44496,14.70517,66.84259,2632,66.84259
734,-16.45068,15.41041,102.9682,2636,102.9682
735,-16.41223,12.67181,127.55171,2641,127.55171
736,-16.44754,16.06474,38.01899,2638,38.01899
737,-16.44465,15.37398,93.25432,2636,78.39396
737,-16.44465,15.37398,93.25432,2640,14.86036
738,-16.44362,15.95484,58.79675,2638,58.79675
739,-16.41759,15.3935,69.19872,2636,69.19872
740,-16.43052,16.0444,22.30179,2638,22.30179
741,-16.45709,13.59376,93.23484,2633,93.23484
742,-16.43043,12.82159,69.50368,2641,69.50368
743,-16.4327,13.70145,74.62507,2633,74.62507
744,-16.42136,14.6331,63.09076,2632,61.64887
744,-16.42136,14.6331,63.09076,2633,1.44189
745,-16.41778,12.38074,124.44024,2641,124.44024
746,-16.41459,15.67483,285.86121,2636,285.86121
747,-16.44992,15.0733,166.77216,2632,4.50208
747,-16.44992,15.0733,166.77216,2640,162.27008
748,-16.4188,16.04939,51.95352,2638,51.95352
749,-16.41995,14.3061,59.14342,2633,59.14342
750,-16.39355,14.40693,72.45872,2633,72.45872
751,-16.39687,14.32684,59.10364,2633,59.10364
752,-16.42835,14.34995,63.70364,2633,63.70364
753,-16.38119,13.69965,98.42913,2633,98.42913
754,-16.43754,16.20435,99.76367,2638,99.76367
755,-16.4023,15.27052,138.64677,2636,2.89875
755,-16.4023,15.27052,138.64677,2640,135.74802
756,-16.39159,14.97043,105.13489,2632,102.71413
756,-16.39159,14.97043,105.13489,2640,2.42077
757,-16.42139,14.50375,85.63581,2633,85.63581
758,-16.41054,14.02644,126.47007,2633,126.47007
759,-16.40782,14.87529,101.67717,2632,101.67717
760,-16.39762,15.92192,146.65782,2638,146.65782
761,-16.38296,14.56095,90.80155,2632,11.82039
761,-16.38296,14.56095,90.80155,2633,78.98116
762,-16.38901,13.9077,173.65849,2633,173.65849
763,-16.35805,12.84651,56.92951,2641,56.92951
764,-16.36741,13.85892,102.31849,2633,102.31849
765,-16.35949,12.46435,114.73519,2641,114.73519
766,-16.36256,15.25963,75.65543,2636,21.69979
766,-16.36256,15.25963,75.65543,2640,53.95564
767,-16.33998,14.77119,96.89696,2632,96.89696
768,-16.3664,12.51438,92.02995,2641,92.02995
769,-16.33767,12.6833,89.36264,2641,89.36264
770,-16.37053,12.77225,85.75917,2641,85.75917
771,-16.3621,14.69082,71.2524,2632,71.2524
772,-16.35382,15.14221,142.53049,2640,142.53049
773,-16.35944,16.08427,94.26611,2638,94.26611
774,-16.3746,12.91007,144.66045,2641,144.66045
775,-16.35734,14.12531,113.17099,2633,108.76023
775,-16.35734,14.12531,113.17099,2634,4.41077
776,-16.32149,14.9002,99.76083,2632,99.76083
777,-16.33594,13.76744,103.17917,2633,103.17917
778,-16.3461,15.0221,129.05614,2632,27.32517
778,-16.3461,15.0221,129.05614,2640,101.73097
779,-16.34513,14.05783,110.79126,2633,110.79126
780,-16.31947,15.45574,138.65282,2636,138.65282
781,-16.33206,16.09615,109.13586,2638,109.13586
782,-16.34599,14.39666,53.81201,2633,53.81201
783,-16.28518,13.66018,159.83827,2633,159.83827
784,-16.32506,15.34551,118.18071,2636,113.63465
784,-16.32506,15.34551,118.18071,2640,4.54606
785,-16.32744,15.18829,76.26564,2640,76.26564
786,-16.29055,12.78401,58.6437,2641,58.6437
787,-16.32565,15.82045,166.0369,2636,128.21631
787,-16.32565,15.82045,166.0369,2638,37.82059
788,-16.33363,14.20532,160.14602,2633,64.71991
788,-16.33363,14.20532,160.14602,2634,95.42612
789,-16.30314,12.55232,35.26309,2641,35.26309
790,-16.29335,12.56244,2.68358,2641,2.68358
791,-16.29984,12.58355,50.19513,2641,50.19513
792,-16.31195,14.71261,48.97946,2632,48.97946
793,-16.28628,12.5681,1.07971,2641,1.07971
794,-16.30039,14.82497,106.3633,2632,106.3633
795,-16.28392,12.57446,0.97865,2641,0.97865
796,-16.30284,12.86483,69.2807,2641,69.2807
797,-16.28528,12.55983,3.35404,2641,3.35404
798,-16.2847,14.43783,82.89483,2633,82.89483
799,-16.3063,14.35977,97.24056,2633,95.37549
799,-16.3063,14.35977,97.24056,2634,1.86507
800,-16.28919,12.58502,9.34659,2641,9.34659
801,-16.29559,14.61704,49.37518,2632,49.37518
802,-16.27941,12.57536,0.89528,2641,0.89528
803,-16.27708,12.56944,0.37683,2641,0.37683
804,-16.27687,12.56533,0.96661,2641,0.96661
805,-16.2747,16.3262,266.46105,2638,266.46105
806,-16.26199,16.12234,81.29418,2638,81.29418
807,-16.25562,12.99892,190.04383,2641,190.04383
808,-16.25297,12.92882,96.74243,2641,96.74243
809,-16.26953,12.58928,24.89883,2641,24.89883
810,-16.27346,12.57417,0.63286,2641,0.63286
811,-16.26858,13.918,72.59603,2633,72.59603
812,-16.27328,12.56851,0.5592,2641,0.5592
813,-16.28715,15.58773,155.59616,2636,155.59616
814,-16.26687,12.58022,1.23316,2641,1.23316
815,-16.26479,12.54938,23.49029,2641,23.49029
816,-16.26601,12.57238,0.94957,2641,0.94957
817,-16.27877,13.85557,91.61254,2633,91.59555
817,-16.27877,13.85557,91.61254,2634,0.01698
818,-16.26601,12.67922,71.94806,2641,71.94806
819,-16.25773,14.26724,138.27053,2633,21.72149
819,-16.25773,14.26724,138.27053,2634,116.54905
820,-16.26568,12.55935,1.47694,2641,1.47694
821,-16.29373,14.56947,91.11092,2632,25.52235
821,-16.29373,14.56947,91.11092,2633,65.58857
822,-16.28503,14.65184,33.38467,2632,33.38467
823,-16.27949,16.44001,260.83925,2638,260.83925
824,-16.26423,12.4862,76.94636,2641,76.94636
825,-16.26511,15.48486,109.25553,2636,109.25553
826,-16.25877,12.57614,3.21684,2641,3.21684
827,-16.25731,13.97338,64.59512,2633,60.23435
827,-16.25731,13.97338,64.59512,2634,4.36077
828,-16.24736,15.72334,126.70881,2636,126.70881
829,-16.25818,12.56165,4.96352,2641,4.96352
830,-16.23992,12.57417,40.97979,2641,40.97979
831,-16.25841,13.99259,91.09461,2633,64.31085
831,-16.25841,13.99259,91.09461,2634,26.78376
832,-16.27809,15.88744,227.2936,2636,80.14606
832,-16.27809,15.88744,227.2936,2638,147.14755
833,-16.25818,15.22237,113.58016,2636,87.58126
833,-16.25818,15.22237,113.58016,2640,25.99891
834,-16.23091,15.02216,120.03223,2632,7.59714
834,-16.23091,15.02216,120.03223,2636,3.98549
834,-16.23091,15.02216,120.03223,2640,108.44961
835,-16.25064,16.15719,167.44954,2638,167.44954
836,-16.26948,13.7213,92.98308,2633,92.98308
837,-16.23967,14.42909,52.94539,2633,52.94539
838,-16.21851,12.4538,66.01264,2641,66.01264
839,-16.26276,15.39428,96.64627,2636,96.64627
840,-16.25184,12.74725,62.54122,2641,62.54122
841,-16.24653,14.6553,6.78641,2632,6.78641
842,-16.23993,12.80449,20.27449,2641,20.27449
843,-16.24377,14.66652,7.41821,2632,7.41821
844,-16.2284,12.79696,4.86991,2641,4.86991
845,-16.22596,14.4954,81.75561,2633,81.75561
846,-16.22345,12.82353,55.07521,2641,55.07521
847,-16.23665,14.65639,0.67161,2632,0.67161
848,-16.23914,14.67066,2.07544,2632,2.07544
849,-16.22719,12.80156,0.88879,2641,0.88879
850,-16.2353,14.64196,4.12881,2632,4.12881
851,-16.22574,12.8063,3.99771,2641,3.99771
852,-16.23509,14.6517,0.78856,2632,0.78856
853,-16.24023,15.63513,19.90924,2636,19.90924
854,-16.23328,14.66055,1.69769,2632,1.69769
855,-16.23103,14.64858,0.89861,2632,0.89861
856,-16.23426,14.68067,16.15096,2632,16.15096
857,-16.21795,12.79059,77.09846,2641,77.09846
858,-16.2312,14.63284,38.98903,2632,38.70012
858,-16.2312,14.63284,38.98903,2633,0.28891
859,-16.23474,15.60994,8.34977,2636,8.34977
860,-16.23153,15.62848,1.12769,2636,1.12769
861,-16.23048,15.62329,1.45693,2636,1.45693
862,-16.23723,15.64383,38.1235,2636,38.1235
863,-16.21704,14.66577,4.50462,2632,4.50462
864,-16.20022,13.88543,100.40899,2633,53.83459
864,-16.20022,13.88543,100.40899,2634,46.5744
865,-16.22197,14.6481,10.83787,2632,10.83787
866,-16.2101,14.66329,24.97316,2632,24.97316
867,-16.23013,15.59919,28.81997,2636,28.81997
868,-16.22295,15.62611,0.71348,2636,0.71348
869,-16.2143,13.06796,472.96845,2641,472.96845
870,-16.2246,15.63643,10.45354,2636,10.45354
871,-16.22332,15.61972,1.48042,2636,1.48042
872,-16.24402,14.72834,89.53605,2632,89.53605
873,-16.2048,14.43554,57.62023,2633,57.62023
874,-16.26418,15.81208,95.73203,2636,95.73203
875,-16.21683,15.62531,0.75423,2636,0.75423
876,-16.2127,15.61835,3.72768,2636,3.72768
877,-16.20992,15.60169,31.29098,2636,31.29098
878,-16.23264,14.90686,147.71244,2632,139.73263
878,-16.23264,14.90686,147.71244,2640,7.97981
879,-16.21058,15.62765,21.43126,2636,21.43126
880,-16.1694,14.25498,79.70915,2634,79.70915
881,-16.15604,12.94167,178.04888,2641,178.04888
882,-16.2125,15.1357,131.60465,2636,98.15502
882,-16.2125,15.1357,131.60465,2640,33.44963
883,-16.18996,15.42218,192.58711,2636,192.58711
884,-16.14667,12.87886,106.83748,2641,106.83748
885,-16.19026,12.65335,98.44642,2641,98.44642
886,-16.17778,12.59358,65.60736,2641,65.60736
887,-16.16119,13.6799,129.03473,2633,120.3274
887,-16.16119,13.6799,129.03473,2634,8.70733
888,-16.18455,14.07765,133.89218,2633,42.0303
888,-16.18455,14.07765,133.89218,2634,91.86188
889,-16.18168,15.27724,176.17871,2636,176.17871
890,-16.18807,13.78164,122.05084,2633,40.78706
890,-16.18807,13.78164,122.05084,2634,81.26378
891,-16.15984,14.56893,125.68218,2632,99.62987
891,-16.15984,14.56893,125.68218,2633,26.0523
892,-16.18186,15.07265,86.97009,2636,78.55265
892,-16.18186,15.07265,86.97009,2640,8.41744
893,-16.14916,14.17288,98.99374,2634,98.99374
894,-16.18192,14.69715,94.84829,2632,94.84829
895,-16.14968,14.47886,62.76056,2633,62.76056
896,-16.12141,13.92676,155.06761,2634,155.06761
897,-16.14597,14.32772,107.92984,2633,40.73031
897,-16.14597,14.32772,107.92984,2634,67.19953
898,-16.18302,16.04333,398.23407,2636,145.89612
898,-16.18302,16.04333,398.23407,2638,252.33795
899,-16.1478,15.58798,145.32714,2636,145.32714
900,-16.12663,12.55679,108.45958,2641,108.45958
901,-16.15194,16.24483,175.08311,2638,175.08311
902,-16.12444,13.7151,70.06442,2633,10.78137
902,-16.12444,13.7151,70.06442,2634,59.28306
903,-16.13178,16.22935,195.21392,2638,195.21392
904,-16.14921,14.99706,132.81782,2632,44.05211
904,-16.14921,14.99706,132.81782,2636,81.62239
904,-16.14921,14.99706,132.81782,2640,7.14332
905,-16.16615,15.76881,196.17024,2636,196.17024
906,-16.109,14.14228,25.95457,2634,25.95457
907,-16.14617,15.68618,132.61734,2636,132.61734
908,-16.13513,14.0584,108.43718,2634,108.43718
909,-16.1008,14.74733,105.25863,2632,105.25863
910,-16.10511,14.24453,52.2087,2633,39.88526
910,-16.10511,14.24453,52.2087,2634,12.32344
911,-16.08832,12.6907,85.44926,2641,85.44926
912,-16.11958,14.42108,93.5087,2633,93.5087
913,-16.12606,14.83061,158.64727,2632,158.64727
914,-16.13428,16.55376,125.21258,2638,125.21258
915,-16.09595,14.15374,6.73067,2634,6.73067
916,-16.09652,14.14466,2.10686,2634,2.10686
917,-16.07603,13.63226,118.62558,2633,29.73882
917,-16.07603,13.63226,118.62558,2634,88.88677
918,-16.09762,14.28312,73.45627,2633,65.80178
918,-16.09762,14.28312,73.45627,2634,7.65449
919,-16.09049,14.15595,2.49284,2634,2.49284
920,-16.08742,14.14319,1.91391,2634,1.91391
921,-16.05242,12.51346,131.57515,2641,131.57515
922,-16.08281,14.15027,0.82346,2634,0.82346
923,-16.08046,14.15673,0.48498,2634,0.48498
924,-16.08131,14.16027,2.13672,2634,2.13672
925,-16.11377,15.22224,221.01027,2636,221.01027
926,-16.08479,14.1228,17.55938,2634,17.55938
927,-16.06102,14.54753,76.01772,2632,74.68656
927,-16.06102,14.54753,76.01772,2633,1.33116
928,-16.07362,14.14766,0.80208,2634,0.80208
929,-16.07673,14.14412,0.99663,2634,0.99663
930,-16.07694,14.1857,46.04353,2633,39.29049
930,-16.07694,14.1857,46.04353,2634,6.75305
931,-16.0745,14.15748,0.91628,2634,0.91628
932,-16.06918,14.11769,25.83565,2634,25.83565
933,-16.07027,14.13717,2.26353,2634,2.26353
934,-16.07107,14.16733,1.6993,2634,1.6993
935,-16.06921,14.16387,0.67691,2634,0.67691
936,-16.0663,14.14426,1.02004,2634,1.02004
937,-16.05604,14.12673,16.16738,2634,16.16738
938,-16.06121,14.15186,1.44293,2633,0.13164
938,-16.06121,14.15186,1.44293,2634,1.31128
939,-16.0785,14.50525,75.6967,2632,3.02241
939,-16.0785,14.50525,75.6967,2633,72.67429
940,-16.02948,15.44345,241.34502,2636,241.34502
941,-16.07554,15.12889,102.39164,2636,102.39164
942,-16.06106,14.15648,3.07764,2633,1.47433
942,-16.06106,14.15648,3.07764,2634,1.6033
943,-16.05519,14.1406,3.93655,2633,0.80632
943,-16.05519,14.1406,3.93655,2634,3.13023
944,-16.06395,14.16834,14.31487,2633,12.35377
944,-16.06395,14.16834,14.31487,2634,1.96111
945,-16.06836,12.70629,71.48379,2641,71.48379
946,-16.07482,13.76405,81.47594,2634,81.47594
947,-16.07719,13.84995,74.67404,2634,74.67404
948,-16.05291,12.62244,84.56134,2641,84.56134
949,-16.04647,13.85495,110.41198,2634,110.41198
950,-16.02735,14.86912,121.69005,2632,121.69005
951,-16.03472,12.90146,124.7336,2641,124.7336
952,-16.03421,15.53373,132.13348,2636,132.13348
953,-16.06666,15.03058,102.68358,2632,8.41063
953,-16.06666,15.03058,102.68358,2636,94.27295
954,-16.05289,12.84054,86.26105,2641,86.26105
955,-16.03969,15.05175,66.09587,2636,66.09587
956,-16.01201,16.43582,132.03005,2638,132.03005
957,-16.02266,14.37403,71.65013,2633,71.65013
958,-16.02747,14.14726,34.26429,2633,25.24677
958,-16.02747,14.14726,34.26429,2634,9.01752
959,-16.01661,14.72223,123.03455,2632,123.03455
960,-16.04801,14.78831,58.15856,2632,58.15856
961,-16.01883,12.80777,51.68767,2635,0.69905
961,-16.01883,12.80777,51.68767,2641,50.98863
962,-16.00876,13.74239,109.67653,2634,109.67653
963,-16.01205,14.04397,133.14101,2634,133.14101
964,-16.00589,12.64557,64.60813,2635,20.86523
964,-16.00589,12.64557,64.60813,2641,43.7429
965,-15.97409,12.9195,166.91364,2635,31.44255
965,-15.97409,12.9195,166.91364,2641,135.47109
966,-16.01012,14.60463,125.1081,2632,125.1081
967,-15.98368,14.14823,100.43487,2633,84.45408
967,-15.98368,14.14823,100.43487,2634,15.98079
968,-16.01121,15.13623,147.30833,2636,147.30833
969,-15.99883,14.42999,101.41308,2633,101.41308
970,-15.98331,13.64905,86.95505,2634,86.95505
971,-16.00487,12.71981,44.30273,2635,25.74273
971,-16.00487,12.71981,44.30273,2641,18.56
972,-15.99153,12.74856,58.51833,2635,48.80882
972,-15.99153,12.74856,58.51833,2641,9.70951
973,-15.97767,12.8325,85.11008,2635,67.83876
973,-15.97767,12.8325,85.11008,2641,17.27132
974,-16.01338,15.48113,82.18385,2636,82.18385
975,-15.9971,14.33875,64.88503,2633,64.88503
976,-16.00618,15.63353,163.30928,2636,163.30928
977,-15.99769,14.57596,71.77279,2632,71.77279
978,-16.00832,16.48099,58.93909,2638,58.93909
979,-16.00073,16.13368,289.18965,2636,59.76595
979,-16.00073,16.13368,289.18965,2638,229.4237
980,-15.9956,14.77639,66.17643,2632,66.17643
981,-15.91731,15.92246,562.23204,2636,562.23204
982,-15.94588,12.58119,107.71405,2635,65.43788
982,-15.94588,12.58119,107.71405,2641,42.27617
983,-15.94611,14.00885,92.0189,2634,92.0189
984,-15.96358,14.91806,102.14008,2632,97.73129
984,-15.96358,14.91806,102.14008,2636,4.40878
985,-15.95001,15.03373,122.34434,2632,8.15998
985,-15.95001,15.03373,122.34434,2636,114.18436
986,-16.00188,16.37904,222.89762,2638,222.89762
987,-15.97218,14.29623,112.81603,2633,112.81603
988,-15.93542,12.50598,118.55727,2635,28.97452
988,-15.93542,12.50598,118.55727,2641,89.58275
989,-15.91873,13.73622,66.19354,2634,66.19354
990,-15.94306,14.85175,41.81398,2632,41.81398
991,-15.91874,12.93572,242.69595,2635,116.75957
991,-15.91874,12.93572,242.69595,2641,125.93638
992,-15.93536,13.88721,111.37892,2634,111.37892
993,-15.91202,14.03743,93.66013,2633,0.56766
993,-15.91202,14.03743,93.66013,2634,93.09246
994,-16.02154,15.78669,333.91216,2636,333.91216
995,-15.95152,13.61177,58.43191,2634,58.43191
996,-15.95078,14.50886,109.97192,2632,32.53973
996,-15.95078,14.50886,109.97192,2633,77.43218
997,-15.91651,13.91073,82.7107,2634,82.7107
998,-15.91425,14.83752,8.64942,2632,8.64942
999,-15.93172,12.68646,74.79472,2635,74.79472
1000,-15.91965,14.8608,7.80125,2632,7.80125
1001,-15.89552,13.73795,37.47437,2634,37.47437
1002,-15.90456,14.78637,58.7092,2632,58.7092
1003,-15.88631,14.3896,85.74219,2633,85.74219
1004,-15.88732,13.76958,74.48477,2634,74.48477
1005,-15.90826,14.85159,1.88542,2632,1.88542
1006,-15.90381,14.88406,2.65435,2632,2.65435
1007,-15.90738,12.71122,85.18655,2635,85.18655
1008,-15.89711,14.80434,1.64449,2632,1.64449
1009,-15.90744,14.87064,3.59943,2632,3.59943
1010,-15.90545,14.80129,10.51299,2632,10.51299
1011,-15.90459,14.8157,5.3235,2632,5.3235
1012,-15.89089,14.79993,12.02768,2632,12.02768
1013,-15.90252,14.85411,0.89499,2632,0.89499
1014,-15.9351,16.14148,276.8239,2636,139.11061
1014,-15.9351,16.14148,276.8239,2638,137.7133
1015,-15.90765,14.89626,28.48202,2632,28.48202
1016,-15.90013,15.2149,278.70174,2636,278.70174
1017,-15.90123,14.82193,1.86882,2632,1.86882
1018,-15.90032,14.82849,1.54719,2632,1.54719
1019,-15.89733,14.88279,1.67694,2632,1.67694
1020,-15.92071,15.67844,415.35843,2636,415.35843
1021,-15.87836,14.33437,60.51394,2633,60.51394
1022,-15.89946,14.84802,1.15948,2632,1.15948
1023,-15.89525,14.84252,0.91003,2632,0.91003
1024,-15.89714,14.85939,1.30002,2632,1.30002
1025,-15.89205,14.86479,1.0528,2632,1.0528
1026,-15.90625,14.19773,87.94256,2633,87.94256
1027,-15.89455,14.83377,1.7619,2632,1.7619
1028,-15.8891,14.87786,0.91273,2632,0.91273
1029,-15.89855,16.30025,262.81451,2638,262.81451
1030,-15.89,14.84336,0.70832,2632,0.70832
1031,-15.8854,14.8633,0.58473,2632,0.58473
1032,-15.88889,14.87335,0.83815,2632,0.83815
1033,-15.88753,12.53342,127.58611,2635,127.58611
1034,-15.88539,14.85074,1.10832,2632,1.10832
1035,-15.88478,14.83925,1.54026,2632,1.54026
1036,-15.88253,14.87275,0.78549,2632,0.78549
1037,-15.88283,14.86013,0.3458,2632,0.3458
1038,-15.86374,14.91023,60.21264,2632,60.21264
1039,-15.87132,12.85615,120.00869,2635,120.00869
1040,-15.88153,14.85442,0.42056,2632,0.42056
1041,-15.88159,14.86174,0.21794,2632,0.21794
1042,-15.88434,14.89303,6.27956,2632,6.27956
1043,-15.87807,14.86648,0.38736,2632,0.38736
1044,-15.88079,14.88029,0.96114,2632,0.96114
1045,-15.87942,14.85692,0.25113,2632,0.25113
1046,-15.87672,14.86436,0.16299,2632,0.16299
1047,-15.88055,14.81372,10.09346,2632,10.09346
1048,-15.87464,14.85247,0.66813,2632,0.66813
1049,-15.87624,14.86026,0.16639,2632,0.16639
1050,-15.87419,14.8589,0.20899,2632,0.20899
1051,-15.87717,14.84071,2.59317,2632,2.59317
1052,-15.86826,13.63818,88.93953,2634,88.93953
1053,-15.8605,15.08218,163.31452,2636,163.31452
1054,-15.87428,14.86664,0.8082,2632,0.8082
1055,-15.87364,14.86143,0.25968,2632,0.25968
1056,-15.87183,14.85472,0.26104,2632,0.26104
1057,-15.87462,14.88164,2.63483,2632,2.63483
1058,-15.86432,14.87538,4.26693,2632,4.26693
1059,-15.86813,14.85587,0.39382,2632,0.39382
1060,-15.8668,14.86023,0.50949,2632,0.50949
1061,-15.86676,14.84917,0.74817,2632,0.74817
1062,-15.86233,14.84258,4.78432,2632,4.78432
1063,-15.88664,16.47106,139.16143,2638,139.16143
1064,-15.89074,15.43711,385.14313,2636,385.14313
1065,-15.86144,14.85105,1.06574,2632,1.06574
1066,-15.83601,13.83683,96.5774,2634,96.5774
1067,-15.86267,14.86377,0.9621,2632,0.9621
1068,-15.85468,14.6923,230.59118,2632,199.12754
1068,-15.85468,14.6923,230.59118,2633,31.46365
1069,-15.85695,14.85792,1.1983,2632,1.1983
1070,-15.86793,14.54128,153.29222,2632,96.99033
1070,-15.86793,14.54128,153.29222,2633,56.30189
1071,-15.86572,15.02932,138.43247,2632,44.41759
1071,-15.86572,15.02932,138.43247,2636,94.01488
1072,-15.82616,14.48424,108.36197,2633,107.649
1072,-15.82616,14.48424,108.36197,2634,0.71297
1073,-15.85222,14.86609,2.97697,2632,2.97697
1074,-15.84695,14.8611,5.62411,2632,5.62411
1075,-15.81708,12.95636,154.75769,2635,154.75769
1076,-15.84162,14.84304,23.78121,2632,23.78121
1077,-15.87495,14.17181,93.38417,2633,76.84637
1077,-15.87495,14.17181,93.38417,2634,16.5378
1078,-15.8601,14.29251,105.06902,2633,102.88175
1078,-15.8601,14.29251,105.06902,2634,2.18727
1079,-15.83417,14.8079,69.03893,2632,69.03893
1080,-15.89621,15.57944,324.05357,2636,324.05357
1081,-15.81696,13.93631,107.12818,2634,107.12818
1082,-15.85403,14.08515,123.8535,2633,14.34009
1082,-15.85403,14.08515,123.8535,2634,109.51341
1083,-15.80136,15.24603,265.62548,2636,265.62548
1084,-15.83663,14.39697,77.96338,2633,75.01921
1084,-15.83663,14.39697,77.96338,2634,2.94417
1085,-15.81762,12.69629,160.49765,2635,160.49765
1086,-15.82778,14.88938,139.13424,2632,81.26554
1086,-15.82778,14.88938,139.13424,2636,57.8687
1087,-15.84098,13.66654,93.85597,2634,93.85597
1088,-15.78545,12.55853,70.53802,2635,70.53802
1089,-15.78464,12.81343,202.25664,2635,202.25664
1090,-15.82151,12.78124,86.29197,2635,86.29197
1091,-15.82115,16.48361,52.18373,2638,52.18373
1092,-15.79753,16.48783,32.8688,2638,32.8688
1093,-15.77913,16.24585,117.27572,2636,1.96395
1093,-15.77913,16.24585,117.27572,2638,115.31177
1094,-15.79231,13.76636,34.77454,2634,34.77454
1095,-15.79583,13.73338,77.66771,2634,77.66771
1096,-15.75961,12.597,85.01853,2635,85.01853
1097,-15.76741,13.77238,38.54125,2634,38.54125
1098,-15.74349,16.19773,182.62619,2636,38.16964
1098,-15.74349,16.19773,182.62619,2638,144.45655
1099,-15.74285,14.76672,193.36951,2632,86.85206
1099,-15.74285,14.76672,193.36951,2633,106.51745
1100,-15.78485,13.01704,321.9674,2635,301.20249
1100,-15.78485,13.01704,321.9674,2641,20.76492
1101,-15.7451,16.29826,125.34227,2638,125.34227
1102,-15.76192,13.9531,101.0465,2634,101.0465
1103,-15.73651,14.5202,195.90036,2633,150.0553
1103,-15.73651,14.5202,195.90036,2634,45.84506
1104,-15.76047,12.53277,67.96742,2635,67.96742
1105,-15.73249,12.45952,89.68765,2635,89.68765
1106,-15.74706,13.31357,105.89285,2635,105.89285
1107,-15.76115,14.35295,183.14818,2633,11.72674
1107,-15.76115,14.35295,183.14818,2634,171.42144
1108,-15.76854,14.13301,90.236,2634,90.236
1109,-15.72214,14.12124,124.96398,2634,124.96398
1110,-15.76456,13.24563,222.89356,2635,210.26117
1110,-15.76456,13.24563,222.89356,2641,12.63239
1111,-15.7487,13.875,122.8059,2634,122.8059
1112,-15.74486,16.00987,544.97062,2636,524.29454
1112,-15.74486,16.00987,544.97062,2638,20.67608
1113,-15.75071,14.22236,145.45776,2633,1.23955
1113,-15.75071,14.22236,145.45776,2634,144.21821
1114,-15.69315,13.6038,75.08131,2634,75.08131
1115,-15.69156,15.07761,323.11095,2636,323.11095
1116,-15.73714,16.4018,100.71145,2638,100.71145
1117,-15.70174,16.39615,82.32222,2638,82.32222
1118,-15.72302,13.77251,98.77022,2634,98.77022
1119,-15.72438,16.48401,20.84856,2638,20.84856
1120,-15.67204,14.61017,211.261,2633,211.261
1121,-15.66619,13.02036,98.16311,2635,98.16311
1122,-15.70038,16.47206,3.98274,2638,3.98274
1123,-15.69941,16.45388,23.49784,2638,23.49784
1124,-15.65611,12.64294,169.86443,2635,169.86443
1125,-15.71077,12.57471,85.98496,2635,85.98496
1126,-15.63359,14.89584,336.11164,2632,8.1971
1126,-15.63359,14.89584,336.11164,2633,22.80722
1126,-15.63359,14.89584,336.11164,2636,305.10732
1127,-15.6553,16.23845,150.68091,2638,150.68091
1128,-15.68764,16.47579,14.04842,2638,14.04842
1129,-15.70144,14.03175,144.37298,2634,144.37298
1130,-15.63957,13.94291,147.19156,2634,147.19156
1131,-15.66714,13.69924,114.6405,2634,114.6405
1132,-15.64606,14.25179,230.27692,2634,230.27692
1133,-15.64955,16.43411,153.76423,2638,153.76423
1134,-15.71811,15.17387,222.28723,2636,222.28723
1135,-15.61147,14.39817,166.9707,2634,166.9707
1136,-15.6492,15.38549,362.92808,2636,362.92808
1137,-15.6359,14.75372,134.34072,2633,134.34072
1138,-15.6703,13.6228,51.61788,2634,51.61788
1139,-15.62696,13.18014,144.87409,2635,144.87409
1140,-15.63983,13.05509,34.33637,2635,34.33637
1141,-15.6159,16.15419,127.19007,2638,127.19007
1142,-15.61711,13.28489,144.68963,2635,144.68963
1143,-15.65589,12.47804,98.46488,2635,98.46488
1144,-15.60012,14.45694,112.95039,2633,0.47261
1144,-15.60012,14.45694,112.95039,2634,112.47778
1145,-15.59511,13.00779,57.60317,2635,57.60317
1146,-15.57408,14.73113,189.04171,2633,189.04171
1147,-15.61915,16.52428,36.25143,2638,36.25143
1148,-15.63583,13.0812,124.19025,2635,124.19025
1149,-15.6112,13.59407,80.99303,2634,80.99303
1150,-15.57934,12.82723,123.58682,2635,123.58682
1151,-15.63523,12.93625,169.39715,2635,169.39715
1152,-15.58817,13.99144,79.05278,2634,79.05278
1153,-15.60853,13.76196,151.4176,2634,151.4176
1154,-15.55472,15.18222,335.77037,2636,335.77037
1155,-15.58432,13.21607,81.04043,2635,81.04043
1156,-15.57493,14.56422,199.43883,2633,112.14433
1156,-15.57493,14.56422,199.43883,2634,87.2945
1157,-15.61681,16.0851,394.86989,2636,10.02921
1157,-15.61681,16.0851,394.86989,2638,384.84068
1158,-15.57877,15.3447,178.54362,2636,178.54362
1159,-15.53317,12.77057,58.92423,2635,58.92423
1160,-15.5413,12.70755,85.62064,2635,85.62064
1161,-15.59197,12.72745,130.01776,2635,130.01776
1162,-15.56903,12.50111,67.04847,2635,67.04847
1163,-15.5498,13.00534,110.50817,2635,110.50817
1164,-15.54799,14.08676,49.52789,2634,49.52789
1165,-15.52379,13.8452,118.99016,2634,118.99016
1166,-15.56389,14.82963,136.05412,2633,68.83854
1166,-15.56389,14.82963,136.05412,2636,67.21558
1167,-15.53146,14.09874,31.12891,2634,31.12891
1168,-15.55759,12.8728,120.18012,2635,120.18012
1169,-15.55286,14.11687,102.55589,2634,102.55589
1170,-15.51482,14.12607,77.3983,2634,77.3983
1171,-15.54505,12.5927,101.89478,2635,101.89478
1172,-15.53549,13.94669,101.67681,2634,101.67681
1173,-15.55126,16.22573,317.08619,2638,317.08619
1174,-15.51721,13.23949,231.89194,2635,231.89194
1175,-15.49865,14.33482,194.75762,2634,194.75762
1176,-15.60357,15.57434,630.73433,2636,630.73433
1177,-15.53646,12.51922,54.6561,2635,54.6561
1178,-15.51463,13.37473,40.76764,2635,40.76764
1179,-15.53917,14.02778,60.86899,2634,60.86899
1180,-15.49381,13.32117,195.57763,2635,195.57763
1181,-15.51504,13.79307,77.49831,2634,77.49831
1182,-15.4829,12.62279,48.76321,2635,48.76321
1183,-15.51232,15.78827,678.24662,2636,668.78481
1183,-15.51232,15.78827,678.24662,2638,9.46181
1184,-15.53605,16.51162,27.41465,2638,27.41465
1185,-15.53094,16.50834,125.1866,2638,125.1866
1186,-15.50489,13.68395,177.28178,2634,177.28178
1187,-15.52437,14.46766,202.69471,2634,202.69471
1188,-15.48931,15.32441,132.67544,2636,132.67544
1189,-15.48563,13.05671,287.46519,2635,287.46519
1190,-15.5005,13.07411,155.68909,2635,155.68909
1191,-15.48219,15.3642,177.82428,2636,177.82428
1192,-15.47591,12.77062,102.11098,2635,102.11098
1193,-15.47682,14.20205,201.41218,2634,201.41218
1194,-15.45375,15.34977,182.05336,2636,182.05336
1195,-15.47387,12.56028,71.18947,2635,71.18947
1196,-15.4674,13.99862,83.02782,2634,83.02782
1197,-15.468,14.83431,287.11821,2633,72.35501
1197,-15.468,14.83431,287.11821,2636,214.7632
1198,-15.4681,16.58907,45.09803,2638,45.09803
1199,-15.44465,12.82256,101.15942,2635,101.15942
1200,-15.4164,12.88323,93.83135,2635,93.83135
1201,-15.45624,12.63006,77.58749,2635,77.58749
1202,-15.43446,15.6436,320.23489,2636,320.23489
1203,-15.44549,16.32088,383.96036,2638,383.96036
1204,-15.45711,13.80963,195.12229,2634,195.12229
1205,-15.41362,15.08234,586.91709,2636,586.91709
1206,-15.42392,13.9716,150.73009,2634,150.73009
1207,-15.37758,14.71737,132.61707,2633,99.59508
1207,-15.37758,14.71737,132.61707,2634,11.1213
1207,-15.37758,14.71737,132.61707,2636,21.90069
1208,-15.40981,14.62586,296.89389,2633,126.98803
1208,-15.40981,14.62586,296.89389,2634,169.90587
1209,-15.40244,16.496,213.26012,2638,213.26012
1210,-15.39336,12.8642,94.56647,2635,94.56647
1211,-15.39743,14.36943,278.23098,2634,278.23098
1212,-15.37119,12.59017,53.89063,2635,53.89063
1213,-15.37875,14.0808,175.07775,2634,175.07775
1214,-15.37568,12.90251,220.65495,2635,220.65495
1215,-15.36329,12.6611,165.83847,2635,165.83847
1216,-15.34356,15.61556,219.93919,2636,219.93919
1217,-15.33563,14.25807,241.64036,2634,241.64036
1218,-15.32751,14.72426,84.25957,2634,10.79782
1218,-15.32751,14.72426,84.25957,2636,73.46175
1219,-15.37255,15.92686,744.99584,2636,408.11329
1219,-15.37255,15.92686,744.99584,2638,336.88255
1220,-15.32143,16.54762,129.47713,2638,129.47713
1221,-15.3374,14.81258,362.16438,2636,362.16438
1222,-15.31299,15.20524,406.24746,2636,406.24746
1223,-15.30022,14.06658,151.9228,2634,151.9228
1224,-15.29839,13.92597,200.24081,2634,200.24081
1225,-15.29871,15.47575,247.95989,2636,247.95989
1226,-15.2289,13.29384,604.69364,2635,604.69364
1227,-15.27599,16.23686,596.66623,2638,596.66623
1228,-15.26293,14.68817,220.83497,2634,32.14244
1228,-15.26293,14.68817,220.83497,2636,188.69253
1229,-15.25043,12.7136,151.85732,2635,151.85732
1230,-15.26461,15.6972,581.09402,2636,581.09402
1231,-15.22214,16.41398,355.07682,2638,355.07682
1232,-15.22637,12.82654,138.03962,2635,138.03962
1233,-15.24621,14.5675,447.67345,2634,430.56525
1233,-15.24621,14.5675,447.67345,2636,17.1082
1234,-15.26455,13.78643,153.84398,2634,153.84398
1235,-15.26753,15.42589,217.34272,2636,217.34272
1236,-15.20624,12.92855,360.55588,2635,360.55588
1237,-15.20427,13.89896,71.74795,2634,71.74795
1238,-15.19369,16.50077,175.15915,2638,175.15915
1239,-15.2169,14.13381,178.3433,2634,178.3433
1240,-15.15993,13.44999,377.18835,2635,377.18835
1241,-15.23273,14.35609,291.34064,2634,291.34064
1242,-15.16502,15.46445,270.56243,2636,270.56243
1243,-15.20964,12.75182,84.07675,2635,84.07675
1244,-15.18823,14.01674,202.8238,2634,202.8238
1245,-15.20069,14.29582,220.03046,2634,220.03046
1246,-15.14695,13.83915,202.0779,2634,202.0779
1247,-15.194,13.92014,109.49363,2634,109.49363
1248,-15.16272,12.8197,119.91445,2635,119.91445
1249,-15.15873,15.20346,642.50149,2636,642.50149
1250,-15.12632,14.16591,118.55373,2634,118.55373
1251,-15.14667,14.79881,620.67768,2636,620.67768
1252,-15.13361,15.38741,150.63264,2636,150.63264
1253,-15.12253,15.41348,48.42296,2636,48.42296
1254,-15.06979,15.38993,245.25568,2636,245.25568
1255,-15.10769,12.73609,151.4713,2635,151.4713
1256,-15.08335,16.18578,640.59843,2638,640.59843
1257,-15.0847,16.51321,168.91401,2638,168.91401
1258,-15.07457,14.20771,221.19151,2634,221.19151
1259,-15.05263,14.12208,161.94426,2634,161.94426
1260,-15.08545,13.00334,372.24009,2635,372.24009
1261,-15.0937,16.65316,63.93367,2638,63.93367
1262,-15.0102,14.96845,861.79491,2636,861.79491
1263,-15.02346,15.45544,368.99688,2636,368.99688
1264,-15.12924,15.89236,902.01821,2636,762.8708
1264,-15.12924,15.89236,902.01821,2638,139.1474
1265,-15.06197,13.20501,440.352,2635,440.352
1266,-15.04876,12.80007,166.4406,2635,166.4406
1267,-15.00739,16.45571,361.55189,2638,361.55189
1268,-15.00616,12.88363,126.91401,2635,126.91401
1269,-14.97194,14.57428,494.78398,2634,282.10542
1269,-14.97194,14.57428,494.78398,2636,212.67857
1270,-15.00749,14.45148,426.28233,2634,426.28233
1271,-14.99305,16.58711,110.95367,2638,110.95367
1272,-14.98516,13.98173,267.46264,2634,267.46264
1273,-14.96939,16.63828,55.04672,2638,55.04672
1274,-14.96243,12.89331,26.44287,2635,26.44287
1275,-14.98612,13.40135,309.42258,2635,309.42258
1276,-14.88115,15.5627,780.8632,2636,780.8632
1277,-14.97509,14.06759,172.51112,2634,172.51112
1278,-14.95308,12.88935,4.97025,2635,4.97025
1279,-14.94342,12.8965,1.50143,2635,1.50143
1280,-14.94047,12.90744,11.96762,2635,11.96762
1281,-14.93685,12.86618,58.34736,2635,58.34736
1282,-14.94055,12.89155,1.01623,2635,1.01623
1283,-14.90373,16.16615,676.14483,2638,676.14483
1284,-14.93701,12.90202,1.81982,2635,1.81982
1285,-14.92527,12.92779,116.25354,2635,116.25354
1286,-14.93508,12.88471,3.21135,2635,3.21135
1287,-14.93269,12.89385,2.39309,2635,2.39309
1288,-14.91159,12.90124,31.58989,2635,31.58989
1289,-14.91563,14.31833,342.15493,2634,342.15493
1290,-14.91396,12.87208,32.41536,2635,32.41536
1291,-14.91095,16.51539,115.76381,2638,115.76381
1292,-14.88326,13.89938,256.41431,2634,256.41431
1293,-14.91114,16.63482,61.34017,2638,61.34017
1294,-14.88867,12.7325,108.58249,2635,108.58249
1295,-14.88591,14.21075,221.13061,2634,221.13061
1296,-14.92683,13.09881,484.7394,2635,484.7394
1297,-14.87539,12.6874,52.75817,2635,52.75817
1298,-14.84455,12.83727,104.14471,2635,104.14471
1299,-14.81462,12.94204,347.82408,2635,347.82408
1300,-14.81223,15.2918,1009.81247,2636,1009.81247
1301,-14.80521,13.80634,229.21084,2634,148.33254
1301,-14.80521,13.80634,229.21084,2639,80.8783
1302,-14.86873,16.54191,93.05537,2638,93.05537
1303,-14.90242,13.3065,315.2688,2635,315.2688
1304,-14.8171,14.60198,340.87449,2634,201.91819
1304,-14.8171,14.60198,340.87449,2636,138.9563
1305,-14.86647,12.76011,86.18413,2635,86.18413
1306,-14.79675,14.82525,744.91828,2636,744.91828
1307,-14.8297,13.42621,97.50534,2635,97.50534
1308,-14.84553,14.13773,178.88464,2634,178.88464
1309,-14.83591,15.78037,761.81651,2636,761.81651
1310,-14.8128,13.98566,93.63699,2634,93.63699
1311,-14.79565,16.63308,68.21153,2638,68.21153
1312,-14.79261,13.9586,82.94008,2634,82.94008
1313,-14.81494,16.46073,232.3725,2638,232.3725
1314,-14.80066,13.98958,87.99554,2634,87.99554
1315,-14.76867,12.88679,218.41737,2635,218.41737
1316,-14.78116,15.97489,1076.21898,2636,340.23571
1316,-14.78116,15.97489,1076.21898,2638,735.98327
1317,-14.75008,16.57168,125.40744,2638,125.40744
1318,-14.71016,14.60493,311.37513,2634,80.21129
1318,-14.71016,14.60493,311.37513,2636,231.16384
1319,-14.70729,14.18577,177.86223,2634,177.86223
1320,-14.7553,12.71043,132.69085,2635,132.69085
1321,-14.70537,13.93821,177.28546,2634,176.56006
1321,-14.70537,13.93821,177.28546,2639,0.72541
1322,-14.75434,13.33592,409.85194,2635,409.85194
1323,-14.73057,14.45806,251.37323,2634,251.37323
1324,-14.72999,16.35079,359.11251,2638,359.11251
1325,-14.70297,16.49154,153.98002,2638,153.98002
1326,-14.69256,12.79293,152.00215,2635,152.00215
1327,-14.72939,14.1501,105.55516,2634,105.55516
1328,-14.67163,14.09005,180.08222,2634,180.08222
1329,-14.68151,13.68865,344.37129,2639,344.37129
1330,-14.71456,14.39217,201.52997,2634,201.52997
1331,-14.70815,15.03469,790.91207,2636,790.91207
1332,-14.64005,13.84456,215.42883,2634,16.68786
1332,-14.64005,13.84456,215.42883,2639,198.74097
1333,-14.62634,16.54156,80.88882,2638,80.88882
1334,-14.58304,15.66219,1119.01385,2636,1006.78769
1334,-14.58304,15.66219,1119.01385,2638,112.22615
1335,-14.60817,12.82121,286.68145,2635,286.68145
1336,-14.63352,16.56888,100.17163,2638,100.17163
1337,-14.59043,14.23827,156.06821,2634,91.32586
1337,-14.59043,14.23827,156.06821,2639,64.74234
1338,-14.6434,14.33503,149.50892,2634,108.06623
1338,-14.6434,14.33503,149.50892,2639,41.44269
1339,-14.55663,13.33208,306.05382,2635,306.05382
1340,-14.59245,12.69802,103.99777,2635,103.99777
1341,-14.61774,16.27485,773.99095,2638,773.99095
1342,-14.54684,16.44735,208.00558,2638,208.00558
1343,-14.57002,14.49339,133.99659,2634,35.25047
1343,-14.57002,14.49339,133.99659,2636,27.51653
1343,-14.57002,14.49339,133.99659,2639,71.22958
1344,-14.53966,14.67285,634.27417,2636,614.93491
1344,-14.53966,14.67285,634.27417,2639,19.33926
1345,-14.57678,14.39243,155.41155,2634,10.53704
1345,-14.57678,14.39243,155.41155,2639,144.87451
1346,-14.57778,14.0069,124.60818,2634,81.75683
1346,-14.57778,14.0069,124.60818,2639,42.85135
1347,-14.54935,16.58578,102.07819,2638,102.07819
1348,-14.53023,13.94936,165.2468,2639,165.2468
1349,-14.48744,13.07357,636.99532,2635,636.99532
1350,-14.56057,13.87849,163.13865,2634,0.86832
1350,-14.56057,13.87849,163.13865,2639,162.27033
1351,-14.53662,14.50914,185.49132,2636,62.2665
1351,-14.53662,14.50914,185.49132,2639,123.22482
1352,-14.53754,14.0719,206.02038,2634,22.13217
1352,-14.53754,14.0719,206.02038,2639,183.88821
1353,-14.52048,14.22778,196.04981,2639,196.04981
1354,-14.48772,16.49458,97.61217,2638,97.61217
1355,-14.52303,14.44348,170.00903,2639,170.00903
1356,-14.45112,12.91698,291.93537,2635,291.93537
1357,-14.50392,12.72379,184.41569,2635,184.41569
1358,-14.49059,15.29162,1313.36334,2636,601.04507
1358,-14.49059,15.29162,1313.36334,2637,712.31826
1359,-14.46144,16.60853,111.53219,2638,111.53219
1360,-14.42147,13.79383,362.89698,2639,362.89698
1361,-14.44502,14.18378,236.60764,2639,236.60764
1362,-14.48518,15.00395,668.47936,2636,368.11959
1362,-14.48518,15.00395,668.47936,2637,300.35977
1363,-14.41455,13.55991,233.10188,2639,233.10188
1364,-14.46235,16.45312,126.63851,2638,126.63851
1365,-14.41304,14.86891,851.32084,2636,507.01773
1365,-14.41304,14.86891,851.32084,2637,344.30311
1366,-14.42838,13.85477,219.02397,2639,219.02397
1367,-14.40452,13.49543,54.70267,2639,54.70267
1368,-14.33934,15.64843,490.52347,2636,379.95519
1368,-14.33934,15.64843,490.52347,2637,13.09359
1368,-14.33934,15.64843,490.52347,2638,97.4747
1369,-14.39128,12.79034,210.50747,2635,210.50747
1370,-14.32363,12.99955,186.90225,2635,186.90225
1371,-14.34026,16.55307,167.67108,2638,167.67108
1372,-14.34516,14.08216,210.42284,2639,210.42284
1373,-14.35082,14.45587,785.62748,2636,0.03619
1373,-14.35082,14.45587,785.62748,2637,0.4465
1373,-14.35082,14.45587,785.62748,2639,785.14479
1374,-14.37516,16.41222,179.99871,2638,179.99871
1375,-14.32642,12.90557,182.95645,2635,182.95645
1376,-14.30476,15.75487,638.08524,2638,638.08524
1377,-14.36749,16.3067,592.99627,2638,592.99627
1378,-14.32556,14.15905,479.05602,2639,479.05602
1379,-14.28408,13.4937,118.38195,2639,118.38195
1380,-14.28376,13.97707,264.44599,2639,264.44599
1381,-14.33243,13.15414,291.19241,2635,291.19241
1382,-14.3047,13.62418,302.74906,2639,302.74906
1383,-14.28336,16.57255,61.09229,2638,61.09229
1384,-14.21957,15.59929,1158.66003,2636,70.95639
1384,-14.21957,15.59929,1158.66003,2637,930.85864
1384,-14.21957,15.59929,1158.66003,2638,156.845
1385,-14.2333,13.03795,154.20617,2635,154.20617
1386,-14.29143,12.74052,202.50821,2635,202.50821
1387,-14.22698,16.39428,132.34779,2638,132.34779
1388,-14.20856,16.35568,136.97068,2638,136.97068
1389,-14.18567,13.10398,111.79373,2635,111.79373
1390,-14.22688,13.19863,104.80864,2635,104.80864
1391,-14.17577,16.48516,78.10502,2638,78.10502
1392,-14.14921,14.58966,2009.91014,2636,2.14006
1392,-14.14921,14.58966,2009.91014,2637,1650.28121
1392,-14.14921,14.58966,2009.91014,2639,357.48887
1393,-14.18812,13.82691,391.68199,2639,391.68199
1394,-14.21196,14.04864,338.75939,2639,338.75939
1395,-14.21284,15.91813,705.01344,2638,705.01344
1396,-14.1982,13.56784,240.25231,2639,240.25231
1397,-14.1525,12.93127,146.96217,2635,146.96217
1398,-14.19367,15.08501,1614.47135,2637,1614.47135
1399,-14.186,12.89409,124.97382,2635,124.97382
1400,-14.14774,16.46415,51.72838,2638,51.72838
1401,-14.17957,12.72463,113.34867,2635,113.34867
1402,-14.15334,16.22591,197.2583,2638,197.2583
1403,-14.15835,16.26025,131.51583,2638,131.51583
1404,-14.1645,12.81007,136.99807,2635,136.99807
1405,-14.17317,16.05686,476.78846,2638,476.78846
1406,-14.12566,13.15431,57.10247,2635,57.10247
1407,-14.1218,13.12435,66.79995,2635,66.79995
1408,-14.09125,13.14949,62.57803,2635,62.57803
1409,-14.11478,13.90185,254.70071,2639,254.70071
1410,-14.07282,16.39234,76.91594,2638,76.91594
1411,-14.05498,12.8922,234.44912,2635,234.44912
1412,-14.08135,12.74322,165.19535,2635,165.19535
1413,-14.07198,16.15236,167.50175,2638,167.50175
1414,-14.07238,13.21156,144.85598,2635,144.85598
1415,-14.02602,13.06481,150.63224,2635,150.63224
1416,-14.04577,16.32067,84.05376,2638,84.05376
1417,-14.03807,15.95593,410.20641,2637,17.95626
1417,-14.03807,15.95593,410.20641,2638,392.25015
1418,-13.99566,16.19968,109.59038,2638,109.59038
1419,-13.99368,13.71074,298.28809,2639,298.28809
1420,-14.03304,13.64861,299.1391,2639,299.1391
1421,-13.97164,16.03789,193.44849,2637,0.87435
1421,-13.97164,16.03789,193.44849,2638,192.57415
1422,-14.01669,16.30976,79.6054,2638,79.6054
1423,-13.98195,13.03782,79.30913,2635,79.30913
1424,-14.04454,14.02964,453.34632,2639,453.34632
1425,-13.97867,12.77536,174.94658,2635,174.94658
1426,-13.94734,15.24631,1518.69375,2637,1518.69375
1427,-13.91782,14.22346,1403.68167,2637,158.98516
1427,-13.91782,14.22346,1403.68167,2639,1244.6965
1428,-13.95021,16.12849,96.40099,2638,96.40099
1429,-13.95399,13.19953,231.23941,2635,231.23941
1430,-13.95398,13.87609,331.92046,2639,331.92046
1431,-13.95439,13.03112,222.09824,2635,222.09824
1432,-13.90683,12.75541,178.46752,2635,178.46752
1433,-13.8767,15.77101,1039.32725,2637,1031.21189
1433,-13.8767,15.77101,1039.32725,2638,8.11537
1434,-13.91203,13.28301,124.70524,2635,124.70524
1435,-13.9211,16.17339,78.32595,2638,78.32595
1436,-13.84332,16.06377,78.21857,2638,78.21857
1437,-13.8634,13.52397,133.57685,2635,33.20909
1437,-13.8634,13.52397,133.57685,2639,100.36776
1438,-13.82602,16.03136,160.23025,2637,107.72796
1438,-13.82602,16.03136,160.23025,2638,52.50229
1439,-13.82478,13.94171,386.89348,2639,386.89348
1440,-13.81648,12.94354,201.50195,2635,201.50195
1441,-13.85162,12.82956,196.11347,2635,196.11347
1442,-13.79391,13.32812,110.31969,2635,105.3499
1442,-13.79391,13.32812,110.31969,2639,4.96979
1443,-13.80578,16.06892,64.95851,2638,64.95851
1444,-13.79602,13.26797,232.94418,2635,229.09212
1444,-13.79602,13.26797,232.94418,2639,3.85206
1445,-13.77307,16.03217,54.10089,2637,43.05703
1445,-13.77307,16.03217,54.10089,2638,11.04386
1446,-13.74747,13.82916,226.79184,2639,226.79184
1447,-13.80507,13.60035,162.12991,2635,0.47376
1447,-13.80507,13.60035,162.12991,2639,161.65615
1448,-13.73609,12.75073,280.20978,2635,280.20978
1449,-13.80337,13.65753,246.84832,2639,246.84832
1450,-13.73549,12.98828,203.54897,2635,203.54897
1451,-13.73361,13.12402,634.26791,2635,455.27814
1451,-13.73361,13.12402,634.26791,2639,178.98977
1452,-13.72964,16.03341,44.56689,2637,44.16632
1452,-13.72964,16.03341,44.56689,2638,0.40057
1453,-13.75641,15.29884,1154.23565,2637,1154.23565
1454,-13.75382,13.39965,163.83567,2635,88.77743
1454,-13.75382,13.39965,163.83567,2639,75.05824
1455,-13.5658,14.64106,3543.57089,2637,3102.30469
1455,-13.5658,14.64106,3543.57089,2639,441.2662
1456,-13.70063,13.49514,214.12391,2635,10.69369
1456,-13.70063,13.49514,214.12391,2639,203.43022
1457,-13.70678,16.09585,92.67304,2637,64.08061
1457,-13.70678,16.09585,92.67304,2638,28.59243
1458,-13.70765,15.97743,201.20687,2637,201.20687
1459,-13.70968,14.10883,1173.86377,2639,1173.86377
1460,-13.73073,12.88497,145.43179,2635,145.43179
1461,-13.69476,13.78259,30.20205,2639,30.20205
1462,-13.67288,15.99739,83.24777,2637,83.24777
1463,-13.53725,15.13179,1826.63032,2637,1826.63032
1464,-13.6762,13.76786,1.81999,2639,1.81999
1465,-13.66922,15.74456,707.42771,2637,707.42771
1466,-13.68468,13.78902,23.71231,2639,23.71231
1467,-13.68807,13.74879,92.41401,2639,92.41401
1468,-13.67543,13.76517,1.0905,2639,1.0905
1469,-13.67293,13.77695,1.33967,2639,1.33967
1470,-13.66496,13.74993,20.71196,2639,20.71196
1471,-13.67177,13.7674,0.31878,2639,0.31878
1472,-13.67142,13.77148,0.421,2639,0.421
1473,-13.67047,13.78566,8.28652,2639,8.28652
1474,-13.67133,13.76192,1.54232,2639,1.54232
1475,-13.66488,13.77538,1.08186,2639,1.08186
1476,-13.66453,13.76909,1.40822,2639,1.40822
1477,-13.63873,13.76556,22.95883,2639,22.95883
1478,-13.65599,13.77364,3.32137,2639,3.32137
1479,-13.64117,13.79,45.51964,2639,45.51964
1480,-13.61504,13.72517,151.27337,2639,151.27337
1481,-13.62177,13.88508,281.61981,2639,281.61981
1482,-13.6056,16.09545,88.24461,2637,88.24461
1483,-13.64383,12.91337,555.26535,2635,320.57133
1483,-13.64383,12.91337,555.26535,2639,234.69402
1484,-13.58786,15.94407,105.26017,2637,105.26017
1485,-13.58728,12.81392,914.3548,2635,429.48864
1485,-13.58728,12.81392,914.3548,2639,484.86617
1486,-13.58297,13.50501,133.02194,2639,133.02194
1487,-13.56754,15.90172,104.4114,2637,104.4114
1488,-13.56682,13.62462,184.34459,2639,184.34459
1489,-13.54045,13.56353,52.93961,2639,52.93961
1490,-13.53557,16.12758,44.61189,2637,44.61189
1491,-13.59729,13.39658,393.02134,2635,4.26891
1491,-13.59729,13.39658,393.02134,2639,388.75244
1492,-13.56098,13.84942,133.99299,2639,133.99299
1493,-13.44191,15.3231,788.48951,2637,788.48951
1494,-13.54994,15.9188,72.45042,2637,72.45042
1495,-13.5213,15.81507,133.96037,2637,133.96037
1496,-13.46387,13.60231,423.45066,2639,423.45066
1497,-13.50817,13.54926,73.84427,2639,73.84427
1498,-13.47953,15.86097,72.28448,2637,72.28448
1499,-13.51033,16.04367,153.44463,2637,153.44463
1500,-13.48018,13.41633,246.29953,2639,246.29953
1501,-13.45115,15.76776,49.32393,2637,49.32393
1502,-13.4689,15.8405,31.07502,2637,31.07502
1503,-13.47326,13.85959,114.29254,2639,114.29254
1504,-13.46796,13.45149,163.08729,2639,163.08729
1505,-13.41214,15.84274,86.73929,2637,86.73929
1506,-13.4565,15.71688,176.53217,2637,176.53217
1507,-13.42507,13.94399,518.87935,2639,518.87935
1508,-13.43138,13.80349,342.49736,2639,342.49736
1509,-13.44634,15.56477,521.13819,2637,521.13819
1510,-13.41377,15.75658,71.85099,2637,71.85099
1511,-13.3965,15.99187,126.46852,2637,126.46852
1512,-13.37819,15.64557,62.92243,2637,62.92243
1513,-13.34027,13.37331,485.83385,2639,485.83385
1514,-13.36258,15.9378,73.33313,2637,73.33313
1515,-13.35736,15.66785,74.72221,2637,74.72221
1516,-13.32117,15.45955,281.95285,2637,281.95285
1517,-13.3242,15.61638,28.76404,2637,28.76404
1518,-13.34983,15.59531,68.98581,2637,68.98581
1519,-13.30072,15.59252,41.22554,2637,41.22554
1520,-13.31985,15.80863,103.79573,2637,103.79573
1521,-13.27074,14.11254,1283.71376,2639,1283.71376
1522,-13.2317,13.84943,589.78822,2639,589.78822
1523,-13.25938,15.55784,97.89669,2637,97.89669
1524,-13.2927,13.31159,920.05195,2639,920.05195
1525,-13.2552,15.68102,59.99554,2637,59.99554
1526,-13.26212,15.65607,23.49596,2637,23.49596
1527,-13.24732,15.63949,33.47583,2637,33.47583
1528,-13.18261,15.41205,147.07832,2637,147.07832
1529,-13.18586,15.50041,105.30325,2637,105.30325
1530,-13.116,13.7157,646.53784,2639,646.53784
1531,-13.1214,14.11096,717.4699,2639,717.4699
1532,-13.13218,15.47013,98.91164,2637,98.91164
1533,-13.15219,15.38323,289.37114,2637,289.37114
1534,-13.09962,15.57806,55.81543,2637,55.81543
1535,-13.10151,13.2721,732.45745,2639,732.45745
1536,-13.179,12.67506,869.79564,2639,869.79564
1537,-13.01203,13.16831,1124.20577,2639,1124.20577
1538,-13.02493,15.33209,154.37326,2637,154.37326
1539,-12.98928,15.32835,62.97216,2637,62.97216
1540,-13.00959,12.79434,953.97085,2639,953.97085
1541,-12.95187,15.24872,71.15056,2637,71.15056
1542,-12.99956,15.48764,63.54838,2637,63.54838
1543,-12.9656,15.39144,78.68072,2637,78.68072
1544,-13.04637,15.17261,808.00448,2637,808.00448
1545,-12.95019,15.19486,121.77814,2637,121.77814
1546,-12.9524,15.22062,36.4734,2637,36.4734
1547,-12.97368,14.90324,1568.37196,2637,1568.37196
1548,-12.91916,14.03074,455.86703,2639,455.86703
1549,-12.83247,14.66415,1512.53394,2637,1090.34016
1549,-12.83247,14.66415,1512.53394,2639,422.19378
1550,-12.98005,13.63806,583.28971,2639,583.28971
1551,-12.85246,15.09281,252.31761,2637,252.31761
1552,-12.87293,15.30861,41.7649,2637,41.7649
1553,-12.86457,15.26126,35.67266,2637,35.67266
1554,-12.86284,15.27057,17.1726,2637,17.1726
1555,-12.94766,13.8399,631.92938,2639,631.92938
1556,-12.90288,12.6593,320.53465,2639,320.53465
1557,-12.87135,13.51507,958.31951,2639,958.31951
1558,-12.83138,14.00784,323.34983,2639,323.34983
1559,-12.85835,12.58394,248.32481,2639,248.32481
1560,-12.92393,14.35116,1371.31428,2639,1371.31428
1561,-12.79275,12.73874,534.72643,2639,534.72643
1562,-12.7709,14.2871,565.95943,2639,565.95943
1563,-12.79981,12.64657,164.72165,2639,164.72165
1564,-12.76822,12.48639,34.79252,2639,34.79252
1565,-12.77682,15.14023,69.57869,2637,69.57869
1566,-12.7729,12.51447,103.12514,2639,103.12514
1567,-12.70877,13.09869,834.21436,2639,834.21436
1568,-12.76878,15.04995,138.5664,2637,138.5664
1569,-12.72946,15.07885,38.66924,2637,38.66924
1570,-12.7067,14.99451,328.81656,2637,328.81656
1571,-12.71637,12.48896,100.1453,2639,100.1453
1572,-12.7231,14.22119,180.06254,2639,180.06254
1573,-12.70087,14.16478,195.47116,2639,195.47116
1574,-12.68151,15.07464,43.88861,2637,19.49515
1574,-12.68151,15.07464,43.88861,2639,24.39346
1575,-12.70697,14.02933,494.05268,2639,494.05268
1576,-12.65364,13.01096,589.73779,2639,589.73779
1577,-12.6253,13.75431,925.54748,2639,925.54748
1578,-12.65768,15.00748,99.26948,2637,91.39494
1578,-12.65768,15.00748,99.26948,2639,7.87453
1579,-12.61233,12.63645,434.13342,2639,434.13342
1580,-12.67841,12.45471,126.59146,2639,126.59146
1581,-12.61236,15.02997,66.60477,2637,0.31811
1581,-12.61236,15.02997,66.60477,2639,66.28665
1582,-12.58819,14.20406,228.42561,2639,228.42561
1583,-12.5898,13.37718,879.81338,2639,879.81338
1584,-12.55745,15.03205,27.55249,2639,27.55249
1585,-12.52694,15.01851,33.59692,2639,33.59692
1586,-12.50016,14.28294,481.37665,2639,481.37665
1587,-12.54058,12.40803,145.15491,2639,145.15491
1588,-12.51079,14.89279,293.72651,2637,94.38146
1588,-12.51079,14.89279,293.72651,2639,199.34505
1589,-12.46826,12.96314,534.28413,2639,534.28413
1590,-12.47442,13.42525,605.08376,2639,605.08376
1591,-12.48347,14.976,47.39889,2639,47.39889
1592,-12.4623,14.73912,217.12839,2637,12.00203
1592,-12.4623,14.73912,217.12839,2639,205.12636
1593,-12.46972,14.90368,21.74038,2639,21.74038
1594,-12.45876,14.90003,3.26688,2639,3.26688
1595,-12.44558,14.88505,24.26789,2639,24.26789
1596,-12.45486,14.90336,2.82908,2639,2.82908
1597,-12.48689,14.14336,409.93167,2639,409.93167
1598,-12.48209,12.51147,197.11118,2639,197.11118
1599,-12.38145,14.28574,318.63274,2639,318.63274
1600,-12.45941,14.72347,488.14242,2639,488.14242
1601,-12.41235,14.8335,62.74497,2639,62.74497
1602,-12.39194,14.83714,23.05854,2639,23.05854
1603,-12.46467,12.6663,297.25911,2639,297.25911
1604,-12.44875,13.70679,828.00684,2639,828.00684
1605,-12.3417,14.4795,406.20862,2639,406.20862
1606,-12.42552,12.55949,121.92168,2639,121.92168
1607,-12.34426,14.418,217.64481,2639,217.64481
1608,-12.37465,12.5078,181.6784,2639,181.6784
1609,-12.31763,14.71638,209.63159,2639,209.63159
1610,-12.3821,12.95074,530.38646,2639,530.38646
1611,-12.32754,14.81557,40.45015,2639,40.45015
1612,-12.34758,13.9981,1077.48859,2639,1077.48859
1613,-12.40651,12.83315,339.73541,2639,339.73541
1614,-12.30632,12.65711,182.67768,2639,182.67768
1615,-12.27849,12.3977,280.32376,2639,280.32376
1616,-12.2772,14.76785,36.46465,2639,36.46465
1617,-12.26831,12.7858,186.92201,2639,186.92201
1618,-12.23019,14.31633,356.08619,2639,356.08619
1619,-12.31747,13.44769,654.84547,2639,654.84547
1620,-12.21818,14.71045,65.28457,2639,65.28457
1621,-12.23082,12.64822,173.57435,2639,173.57435
1622,-12.16939,13.60125,1116.89269,2639,1116.89269
1623,-12.23118,14.45589,35.37111,2639,35.37111
1624,-12.26992,12.54974,134.08127,2639,134.08127
1625,-12.21054,12.82246,463.21162,2639,463.21162
1626,-12.21551,14.4599,4.78193,2639,4.78193
1627,-12.23295,14.47165,51.86045,2639,51.86045
1628,-12.21124,14.43997,45.57162,2639,45.57162
1629,-12.20363,14.56712,140.78218,2639,140.78218
1630,-12.17143,14.68493,41.94786,2639,41.94786
1631,-12.20662,12.5584,49.88973,2639,49.88973
1632,-12.16977,12.57557,77.49893,2639,77.49893
1633,-12.18318,12.55372,14.7424,2639,14.7424
1634,-12.15868,12.52603,95.54218,2639,95.54218
1635,-12.09698,13.16199,315.32158,2639,315.32158
1636,-12.09505,12.56049,279.58342,2639,279.58342
1637,-12.11731,14.34171,193.7624,2639,193.7624
1638,-12.14014,13.24314,723.08544,2639,723.08544
1639,-12.11229,12.42149,143.26546,2639,143.26546
1640,-12.03753,14.10114,864.89323,2639,864.89323
1641,-12.06182,13.14835,139.88537,2639,139.88537
1642,-11.99621,12.41048,123.25002,2639,123.25002
1643,-12.02465,13.12426,319.32354,2639,319.32354
1644,-12.01968,12.74765,548.07719,2639,548.07719
1645,-11.87899,12.46984,467.6673,2639,467.6673
1646,-11.91575,13.41579,549.42909,2639,549.42909
1647,-11.93107,12.88454,539.15157,2639,539.15157
1648,-11.89199,13.11567,501.06718,2639,501.06718
1649,-11.75144,12.88132,370.82086,2639,370.82086
1650,-11.68348,12.98007,423.56526,2639,423.56526
1651,-11.73306,13.25586,441.29883,2639,441.29883
1652,-11.66156,12.48783,350.32098,2639,350.32098
1653,-11.70156,12.69143,406.9119,2639,406.9119
1654,-11.63296,12.74449,276.64203,2639,276.64203
1655,-11.68507,13.37884,154.89464,2639,154.89464
1656,-11.61377,12.64933,220.86015,2639,220.86015
1657,-11.56715,12.48465,114.61148,2639,114.61148
1658,-11.55634,13.1529,330.80652,2639,330.80652
1659,-11.53481,12.47692,49.01921,2639,49.01921
1660,-11.50313,12.96697,336.50283,2639,336.50283
1661,-11.44087,12.81515,269.60185,2639,269.60185
1662,-11.48235,12.4849,89.5417,2639,89.5417
1663,-11.44073,12.56648,98.25036,2639,98.25036
1664,-11.44947,13.06243,109.27501,2639,109.27501
1665,-11.45134,12.65799,162.12739,2639,162.12739
1666,-11.37331,12.46543,65.9133,2639,65.9133