CT,Latitude,Longitude,O_Area_km2,Population
1,5.34204,-4.14345,16.30438,1928
2,5.34161,-3.9136,12.88787,1521
3,5.26333,-3.96705,0.99297,117
4,5.45137,-4.07001,33.21323,3919
5,6.72941,-3.49623,2.28007,257
6,6.72942,-3.48594,3.1623,377
7,5.27314,-3.98117,1.70078,198
8,5.85801,-3.9117,259.26427,30609
9,5.42112,-4.01445,0.49519,54
10,5.44691,-4.0216,1.98799,234
11,5.43591,-4.00659,1.38773,162
12,5.4207,-4.01875,0.25375,30
13,5.41719,-3.99723,0.87919,103
14,5.4079,-3.99805,0.406,48
15,5.46911,-3.21174,52.09352,6144
16,6.66473,-4.09547,291.40439,34409
17,6.22173,-3.54335,467.50989,55211
18,5.88855,-4.53154,252.24382,29788
19,5.29179,-3.16458,203.22752,23999
20,5.31583,-4.11095,13.39236,1579
21,5.31805,-5.22252,308.63747,36448
22,5.42221,-3.26729,81.54181,9624
23,5.17559,-4.6434,147.83872,17467
24,5.50368,-5.82956,513.9831,60700
25,5.30441,-3.31281,142.16001,16787
26,5.31828,-4.19601,17.99347,2123
27,5.34938,-4.02587,0.24758,29
28,4.77022,-6.85008,363.82384,42840
29,5.24178,-3.88635,17.86595,2109
30,6.09139,-3.85479,116.63463,13772
31,5.25524,-3.93205,4.40493,521
32,5.25452,-3.93289,0.93439,111
33,5.25585,-3.93629,2.89441,342
34,5.25516,-3.93217,0.03786,4
35,6.65709,-3.3891,162.29093,19156
36,6.32425,-3.94379,604.01178,71323
37,5.41437,-2.91929,216.43889,25560
38,5.36259,-4.03065,2.25615,267
39,5.92858,-4.21063,58.3647,6903
40,5.32383,-4.02307,0.16913,19
41,5.36275,-3.95385,1.11222,129
42,5.92862,-4.21744,103.83684,12214
43,6.48586,-4.48023,203.52004,24029
44,7.1279,-3.20485,75.29866,8900
45,5.97902,-3.94427,100.01307,11807
46,6.35854,-3.85541,178.94931,21138
47,6.25781,-4.93826,258.15027,30482
48,6.0468,-6.08808,109.7944,12966
49,5.52631,-4.88978,577.27302,68181
50,7.65729,-5.31295,508.459,60041
51,7.68297,-5.05764,6.55172,768
52,5.47702,-3.80244,126.28884,14914
53,7.66199,-5.0232,9.23186,1093
54,5.28933,-3.96056,0.66718,78
55,6.39418,-3.19681,184.23572,21701
56,5.45098,-4.01155,16.71898,1976
57,5.32767,-4.0397,1.08793,122
58,6.96491,-3.22969,205.03188,24193
59,7.23481,-5.07432,259.25201,30623
60,6.83946,-5.32604,73.67119,8698
61,5.35375,-3.94011,3.08417,362
62,6.34666,-5.50222,137.71581,16275
63,6.37991,-3.88671,24.06961,2842
64,6.93889,-5.87938,184.40094,21779
65,5.44985,-4.36274,132.6778,15667
66,5.67865,-3.06638,104.18266,12291
67,5.65636,-5.62225,236.61362,27943
68,5.20677,-4.36297,41.8118,4936
69,5.26983,-3.96111,2.7803,319
70,5.4971,-3.66106,251.70859,29716
71,5.23428,-3.85077,34.89895,4120
72,5.34994,-3.96196,0.6718,80
73,5.27266,-2.90139,120.94377,14278
74,7.91716,-5.04798,698.19045,82422
75,5.32628,-4.06972,0.47401,53
76,5.31084,-3.95763,1.64527,186
77,5.32126,-4.08809,0.8234,87
78,7.35184,-5.26029,209.74548,24758
79,5.36338,-3.96099,0.53427,60
80,6.82278,-3.57669,286.46735,33828
81,5.32238,-4.06013,0.53834,53
82,5.30374,-3.97537,0.24216,27
83,7.10659,-3.53552,597.70144,70576
84,7.3176,-4.25701,768.20711,90720
85,6.12115,-5.97337,59.89328,7073
86,5.39615,-4.02096,4.95267,583
87,5.34533,-4.09993,0.56818,68
88,6.07631,-4.47086,330.29032,38995
89,6.23048,-3.76525,201.74751,23819
90,5.34298,-4.00638,0.48588,56
91,7.66273,-6.91869,936.17838,110553
92,6.77802,-4.06392,210.34475,24842
93,7.48553,-5.55792,792.45137,93566
94,5.36684,-4.06705,3.87394,453
95,5.40433,-3.98486,0.7737,86
96,5.42625,-4.01015,0.84114,98
97,6.68104,-5.02967,313.28793,36997
98,7.02652,-5.53866,335.94459,39657
99,5.3875,-3.9878,0.79769,97
100,6.65153,-3.6716,390.91152,46163
101,5.34888,-3.9688,0.77349,91
102,5.33884,-3.97267,1.00997,115
103,5.30455,-3.96382,0.78534,89
104,6.3338,-4.52186,498.90453,58910
105,5.49369,-4.04961,30.56534,3610
106,6.5603,-3.41525,345.57949,40807
107,7.88275,-2.85098,183.77585,21676
108,5.98135,-3.17258,144.25695,17005
109,6.29967,-3.33333,126.93792,14989
110,6.98677,-3.3545,138.94068,16407
111,5.33,-4.00775,0.44661,52
112,7.13957,-4.0598,370.15556,43714
113,6.66989,-3.94572,458.02243,54090
114,5.30028,-4.00285,0.31288,34
115,5.21027,-3.76114,31.42,3709
116,7.61025,-5.14975,221.99603,26216
117,6.95364,-3.88878,319.10132,37676
118,7.35259,-5.39288,582.50394,68794
119,6.77575,-4.2861,268.63448,31716
120,5.97372,-3.81207,451.67114,53333
121,5.14369,-3.50752,62.38088,7362
122,6.49995,-4.9843,170.73699,20158
123,7.71228,-2.98866,278.94664,32931
124,5.32314,-4.01988,0.11426,13
125,5.14509,-3.38724,17.45759,2062
126,5.33185,-4.08183,0.71407,83
127,6.78352,-5.11824,208.30255,24599
128,5.54571,-3.98376,168.20499,19854
129,5.45614,-4.17935,118.62241,14015
130,5.36671,-3.97927,0.6766,80
131,6.06715,-4.04517,407.04777,48069
132,6.80222,-5.25004,10.09407,1191
133,9.5025,-7.56439,1676.33472,197845
134,5.60284,-3.1615,327.00045,38626
135,5.63294,-4.04503,278.18326,32850
136,5.52655,-4.08899,125.18378,14782
137,5.313,-4.08878,0.97441,114
138,5.30003,-3.98552,0.25985,26
139,7.12552,-6.78026,183.36524,21654
140,4.76788,-6.65866,2.59626,305
141,6.14865,-5.94555,60.1245,7095
142,5.65708,-4.89402,457.77571,54062
143,5.31874,-4.01889,0.14326,16
144,5.84285,-5.35693,54.4426,6429
145,9.19053,-5.15268,896.28619,105789
146,5.33374,-4.05711,0.52962,61
147,5.36914,-4.11171,8.42273,991
148,5.34668,-3.88921,13.02748,1532
149,6.89785,-7.2145,479.09247,56554
150,6.18078,-6.52221,103.17403,12184
151,6.49383,-5.80809,122.90827,14514
152,7.23788,-6.45959,216.78481,25596
153,5.54863,-6.03692,477.58897,56399
154,9.18568,-7.57463,2100.9916,248008
155,6.45712,-8.40596,188.22745,22058
156,6.32012,-6.42959,140.18303,16552
157,9.50596,-5.44867,354.80953,41897
158,5.41455,-6.00307,330.50925,39024
159,5.20854,-6.34647,578.58438,68330
160,6.70173,-4.30627,120.13722,14187
161,9.4741,-5.62566,396.96248,46878
162,8.83983,-6.73561,1363.53275,161020
163,5.33306,-4.07387,0.48226,52
164,7.18813,-6.18901,334.92321,39553
165,5.34772,-4.02218,0.12583,12
166,7.01918,-7.49352,516.45335,60989
167,6.16449,-4.34099,377.3419,44559
168,5.29779,-3.96216,0.54415,59
169,4.77257,-6.66898,31.47165,3713
170,5.24696,-3.95148,0.84246,100
171,5.33845,-4.09151,0.50282,58
172,6.82433,-5.29165,9.3073,1089
173,5.20895,-3.74197,2.90111,334
174,8.04059,-4.13471,1579.9826,186578
175,6.00817,-5.98932,243.10819,28704
176,6.46199,-5.95894,236.03741,27871
177,5.90714,-4.00802,174.74392,20637
178,6.47148,-3.84168,380.09221,44885
179,7.16895,-6.27719,185.56025,21909
180,5.27547,-3.59959,6.12302,724
181,6.87054,-6.85641,334.88705,39547
182,5.40675,-4.00565,0.46599,51
183,5.30321,-3.996,0.46655,50
184,5.3476,-3.98118,0.55102,67
185,6.77943,-4.45836,267.89624,31626
186,7.67909,-5.57066,394.21556,46542
187,5.33662,-3.96044,1.35313,155
188,5.35688,-4.02385,0.08498,10
189,6.07837,-3.41027,547.23714,64624
190,5.34293,-4.0143,0.72508,79
191,5.44459,-3.98109,59.4691,7024
192,5.31191,-4.00462,0.70198,83
193,7.73286,-7.61935,338.21636,39935
194,6.00951,-3.19408,188.8757,22305
195,6.80255,-3.75462,465.36276,54945
196,5.33385,-4.0239,0.35787,40
197,6.63773,-6.21975,252.63021,29831
198,5.34644,-4.03121,0.50186,58
199,6.07169,-3.63036,555.38404,65576
200,5.27282,-3.972,0.91968,109
201,6.20806,-6.14542,164.60857,19437
202,5.93845,-4.36045,185.44653,21901
203,6.76874,-8.31238,266.67476,31393
204,5.82019,-4.69351,278.10823,32843
205,5.40011,-3.99589,0.47416,56
206,6.56248,-5.01563,103.8612,12265
207,5.35592,-3.88979,13.74861,1625
208,7.33873,-6.03408,337.64719,39874
209,5.35534,-4.02644,0.27949,34
210,4.93483,-6.58055,227.21307,26829
211,5.34803,-3.86992,68.21116,8054
212,6.31664,-5.71281,177.99151,21015
213,7.15516,-7.17006,669.81553,79096
214,10.196,-6.40205,1297.91063,153270
215,4.52897,-7.46896,572.08278,67457
216,5.32433,-3.99823,0.69523,81
217,6.59438,-7.98344,530.23994,62619
218,5.32849,-4.00602,0.16203,19
219,7.04425,-4.54144,1003.68823,118521
220,5.90559,-4.67297,233.25876,27543
221,7.89707,-5.487,554.83515,65521
222,6.38557,-6.20083,211.43502,24968
223,9.90651,-7.33477,940.70727,111073
224,6.65418,-6.52537,242.54933,28639
225,5.32566,-4.05386,0.66211,77
226,5.39893,-3.98142,0.45715,53
227,7.1983,-4.80806,674.17234,79605
228,6.58296,-3.77614,388.55576,45882
229,8.28194,-3.23296,1254.64667,148149
230,8.04267,-2.80198,44.88389,5297
231,5.48876,-3.52619,372.55437,43950
232,6.6585,-4.20486,42.3818,5004
234,7.68394,-4.21096,798.45938,94288
235,5.37053,-3.95654,0.70601,84
236,8.35232,-4.64094,2534.69999,299317
237,5.34494,-4.10672,3.69704,422
238,6.37021,-5.21772,321.96277,38010
239,6.92457,-6.05127,167.58249,19786
240,5.26188,-3.59676,64.37674,7601
241,7.14573,-6.48589,210.48491,24854
242,5.36086,-3.96436,0.54386,63
243,6.73469,-3.51215,10.38527,1226
244,8.83942,-7.75845,1212.34896,142996
245,5.31764,-4.01486,0.08015,4
246,8.7741,-7.50852,1315.88628,155390
247,7.87791,-5.29514,412.16916,48662
248,7.01237,-5.26035,112.20279,13250
249,7.2633,-5.85471,457.48787,54029
250,6.98254,-5.7533,22.36936,2643
251,7.68152,-5.03116,4.63985,544
252,8.21138,-5.67218,637.00815,75227
253,6.2513,-3.80428,119.86146,14151
254,5.63403,-5.31967,272.05359,32122
255,9.27721,-2.9829,2973.74586,350944
256,6.72243,-5.48929,249.90875,29516
257,9.5217,-6.55788,1979.79472,233788
258,5.35985,-4.024,0.22134,27
259,5.2964,-3.81509,104.63091,12358
260,5.43389,-4.01595,0.37892,44
261,5.30904,-4.16275,48.01552,5672
262,7.6005,-4.84635,768.3599,90736
263,6.49878,-6.37964,200.09599,23626
264,6.91292,-4.04034,236.88786,27972
265,7.60179,-6.51694,896.82395,105905
266,5.51959,-5.5269,256.17076,30253
267,6.65499,-4.22151,55.4125,6537
268,6.25824,-7.00421,298.79599,35288
269,6.24747,-7.0145,207.88524,24547
270,6.82117,-5.26186,1.96219,225
271,5.41946,-3.98762,1.34227,156
272,6.71502,-3.49559,66.88428,7895
273,6.86776,-5.27874,13.60109,1601
274,5.30673,-3.9372,15.98603,1890
275,5.34169,-3.98847,1.0809,123
276,7.65189,-5.02719,100.924,11916
277,4.73619,-6.61336,46.42827,5429
278,5.29762,-3.98565,0.11012,12
279,5.33062,-4.02845,0.63364,75
280,5.35766,-4.01573,0.61048,71
281,5.29739,-4.00078,0.23818,26
282,5.38147,-3.98391,1.004,119
283,5.30783,-4.0019,0.40699,48
284,6.24356,-4.39761,375.77237,44383
285,5.41918,-4.02162,0.59076,68
286,5.3547,-4.09153,0.78806,89
287,5.30702,-4.0881,8.71193,1028
288,7.95491,-6.68161,503.71789,59482
289,5.35597,-4.07393,0.34902,38
290,5.29519,-4.00345,0.52996,63
291,7.26764,-3.08349,209.80429,24784
292,5.32348,-4.01494,0.17409,19
293,6.1936,-7.62726,1332.82392,157306
294,5.70333,-5.07624,252.25832,29787
295,7.14386,-3.20473,125.65659,14819
296,7.70575,-5.06052,23.55142,2783
297,5.36367,-4.0246,0.38397,44
298,5.39982,-4.01092,0.87619,104
299,6.8716,-6.44185,3.44667,403
300,5.36357,-3.93541,1.99935,235
301,5.35705,-4.03383,0.98699,114
302,5.39196,-3.92971,54.41438,6425
303,5.33067,-4.11059,1.74845,203
304,5.29153,-3.96551,0.34184,38
305,5.42382,-3.99967,1.0957,129
306,5.3742,-4.00075,0.93852,109
307,5.32148,-4.01714,0.06263,7
308,5.34015,-4.00441,0.49744,56
309,5.43861,-4.01361,0.2261,26
310,5.43864,-4.01369,0.28518,35
311,5.29944,-3.96712,0.29671,34
312,5.27596,-4.00822,1.3713,164
313,5.3375,-4.06448,0.62378,68
314,4.74513,-6.62944,6.06765,717
315,6.76156,-5.21533,60.68991,7168
316,5.38932,-4.08861,19.87328,2346
317,5.32236,-4.66562,297.87534,35178
318,5.35801,-3.95737,0.90421,105
319,6.39252,-6.49072,200.27058,23650
320,5.34085,-4.32376,92.40152,10914
321,5.31071,-4.01204,0.35362,42
322,8.3754,-4.38975,3973.30582,469201
323,5.31898,-4.37554,50.10402,5916
324,7.81448,-2.94529,199.82905,23585
325,5.11472,-6.813,360.6883,42595
326,6.54833,-6.3202,202.69034,23935
327,5.30166,-5.51077,323.13088,38153
328,5.67399,-5.4664,216.53525,25570
329,5.25603,-6.06553,378.60575,44695
330,5.34097,-4.04546,1.38316,165
331,6.88631,-6.4505,3.97912,471
332,7.04986,-3.15333,192.73191,22715
333,7.25926,-8.15226,256.67686,30311
334,7.13352,-6.84128,274.55109,32423
335,7.05564,-3.9658,27.63119,3264
336,7.71535,-5.03107,4.94243,584
337,5.09978,-5.82419,257.90127,30365
338,6.99421,-5.74122,159.08466,18764
339,5.30877,-4.04412,8.93332,1054
340,5.36441,-4.39014,14.24399,1683
341,7.31154,-6.59073,193.03875,22797
342,4.72531,-6.64948,13.0243,1508
343,6.10866,-5.92821,49.30103,5826
344,5.32061,-4.01922,0.11774,13
345,7.75733,-5.19536,298.06565,35200
346,5.39369,-3.98182,0.5016,59
347,5.82776,-5.35873,174.15371,20565
348,6.22379,-3.32776,183.22075,21640
349,6.57247,-3.33569,187.51753,22117
350,6.77681,-4.58169,307.03647,36236
351,6.78645,-6.04054,283.68199,33499
352,8.94331,-6.26735,1889.67818,223149
353,8.74013,-6.19312,1625.69295,191970
354,8.1949,-6.59782,619.537,73157
355,5.40063,-3.33338,77.37262,9141
356,10.09769,-5.46584,639.1764,75482
357,6.4595,-8.09237,832.38978,98209
358,5.34135,-4.0264,0.49092,58
359,5.67607,-2.99496,82.91317,9716
360,5.44659,-4.0173,0.56655,66
361,7.09519,-4.96368,442.56007,52257
362,6.02274,-5.33398,384.3629,45396
363,6.29031,-5.57904,281.17177,33200
364,6.49549,-4.41005,133.18571,15727
365,6.29055,-6.2763,138.70587,16376
366,9.0607,-5.77795,716.19139,84572
367,6.64737,-4.70515,30.36164,3585
368,5.2825,-3.59729,39.6687,4633
369,5.65292,-3.76341,648.54033,76591
370,6.73924,-3.48976,37.88698,4472
371,6.79978,-5.28663,22.28578,2629
372,8.9438,-7.16542,1937.81179,228827
373,5.83575,-5.36585,37.39101,4407
374,6.90421,-6.16766,199.05005,23506
375,6.15155,-3.64951,130.14359,15327
376,4.76105,-6.64453,7.18145,846
377,7.53635,-5.07932,173.92762,20537
378,6.47698,-5.11082,216.4246,25574
379,5.27995,-3.00493,95.94438,11328
380,5.77537,-6.59396,65.55128,7738
381,5.40215,-3.97841,0.52423,61
382,8.76412,-6.97252,1262.43123,149081
383,5.75832,-5.05917,243.08883,28705
384,5.64062,-6.89104,1144.9352,135206
385,5.39648,-3.99421,0.6267,74
386,5.37985,-7.30751,862.01958,101747
387,5.20702,-6.82034,821.42953,96994
388,4.9339,-7.0676,1009.93505,119252
389,6.57752,-8.09925,389.08436,45939
390,6.89085,-7.0632,486.77882,57483
391,7.40757,-7.55849,25.54637,3015
392,9.80288,-3.30314,6021.65283,710649
393,6.99896,-5.61529,249.87115,29505
394,5.32152,-4.02559,0.51815,63
395,5.27949,-5.32508,251.40057,29688
396,6.4169,-5.54909,114.38853,13490
397,8.10914,-6.55859,524.79071,61970
398,6.73604,-7.3357,67.10898,7917
399,7.10288,-3.44485,326.12691,38512
400,5.72178,-3.10317,182.03092,21474
401,6.36495,-3.34959,152.63898,18006
402,5.15643,-3.10828,203.64185,23713
403,5.197,-2.94687,64.4289,7612
404,5.2492,-3.90797,11.69358,1380
405,5.28737,-3.03609,104.48176,12336
406,5.67444,-4.18183,199.96573,23613
407,5.68707,-4.51743,108.88705,12859
408,5.43876,-4.0242,0.84308,98
409,5.37435,-3.97813,1.08787,126
410,5.3584,-3.99866,1.03029,120
411,7.70456,-5.0092,6.83291,807
412,6.8655,-5.24357,13.30308,1564
413,6.24359,-5.37673,149.43601,17647
414,6.86506,-6.43392,17.48813,2064
415,7.30311,-3.75126,751.06969,88693
416,5.97701,-4.20603,134.59336,15840
417,7.37782,-7.38354,550.94959,65066
418,5.30081,-4.01328,0.92543,110
419,5.477,-4.05564,5.67344,671
420,5.44615,-4.02954,3.28279,385
421,7.88702,-3.97875,834.32244,98521
422,5.31027,-3.94752,1.27465,146
423,5.43325,-4.02693,1.08557,130
424,4.98273,-6.66321,161.78155,19105
425,5.32725,-4.0182,0.20861,26
426,6.80278,-7.40235,335.36837,39618
427,9.88881,-6.88195,2106.82618,248780
428,9.57733,-5.17323,253.21247,29895
429,7.71833,-4.99119,325.02787,38378
430,4.80388,-6.63938,164.55104,19431
431,5.34865,-4.07319,0.43562,51
432,8.52285,-3.09357,1598.72998,188742
433,5.34676,-3.95424,1.34903,160
434,6.78831,-5.26056,10.42728,1230
435,5.39432,-4.0069,1.11065,130
436,5.34733,-4.0255,0.2184,23
437,5.2738,-4.00176,1.02062,118
438,5.3213,-4.03918,0.78374,89
439,5.14334,-2.96027,78.27153,9230
440,5.34743,-4.02037,0.4046,48
441,5.11436,-5.59607,169.9363,20072
442,5.31541,-3.99676,0.73926,87
443,5.31108,-3.97199,1.88409,217
444,8.23287,-5.13652,505.11409,59645
445,7.66744,-5.07506,68.48687,8079
446,6.28901,-5.37407,147.13028,17373
447,6.38666,-6.39896,122.50823,14463
448,5.01497,-6.55624,100.71134,11893
449,7.05772,-6.46946,234.37031,27668
450,6.67498,-6.16847,125.45146,14813
451,6.13072,-5.94227,7.99339,945
452,6.13905,-5.95607,24.75448,2923
453,5.0404,-6.74457,169.31788,19994
454,5.99579,-6.30846,303.94088,35900
455,5.29123,-3.94841,5.67686,672
456,6.96802,-5.81186,148.16551,17495
457,5.35227,-4.0206,0.18961,21
458,5.47693,-5.57807,299.00106,35308
459,5.99654,-6.42029,98.89288,11677
460,5.7488,-6.35372,197.02041,23269
461,4.9917,-7.51002,343.79305,40460
462,7.40851,-7.53305,138.32538,16333
463,6.46096,-7.13925,990.1839,116928
464,5.44176,-4.03997,1.82724,216
465,6.77757,-6.58568,227.65756,26881
466,9.84215,-6.44552,135.07735,15946
467,4.64502,-6.9431,85.26532,10064
468,5.33689,-4.45989,82.60483,9756
469,5.25954,-5.01157,465.80493,54989
470,5.37383,-3.9361,3.80365,441
471,5.36168,-4.09819,1.0331,123
472,6.84872,-8.2558,258.45292,30485
473,6.20263,-7.4887,482.46629,56973
474,5.20052,-6.69567,160.96461,19010
475,6.09599,-6.92058,199.26423,23531
476,5.9913,-5.84253,286.12844,33788
477,5.16862,-5.78888,291.01327,34344
478,5.90172,-6.1251,382.33444,45120
479,5.69381,-6.65801,178.33374,21062
480,5.13736,-6.5623,175.34399,20708
481,5.7884,-6.58812,46.15052,5449
482,5.89164,-6.41128,164.45958,19407
483,6.89773,-6.2445,74.37924,8783
484,6.11662,-5.93382,12.0937,1425
485,5.65603,-6.26447,464.16285,54809
486,5.24334,-6.6443,161.73127,19095
487,7.46817,-5.87573,339.30339,40062
488,7.57505,-5.87165,476.53227,56274
489,5.33199,-3.98246,1.87694,217
490,5.33081,-3.97014,1.91999,223
491,5.74175,-4.44255,122.26917,14436
492,6.9108,-6.24155,89.42439,10555
493,7.72555,-5.05694,61.89548,7307
494,5.24271,-3.91832,0.68376,81
495,5.33197,-4.06511,0.57687,65
496,6.97605,-3.98162,136.68981,16140
497,6.14353,-5.09604,241.79249,28552
498,7.24894,-6.25725,173.43569,20479
499,10.0322,-7.23234,1444.57135,170459
500,7.89601,-2.96723,129.33241,15267
501,7.51673,-6.53674,313.77713,37051
502,6.71984,-5.17329,75.238,8881
503,6.5719,-7.41663,358.73194,42356
504,4.92215,-7.4104,693.00098,81798
505,6.02429,-3.97072,93.9337,11093
506,5.47358,-3.76771,50.37799,5947
507,5.82758,-4.13166,263.2385,31088
508,6.12031,-6.54405,144.67629,17080
509,5.3201,-4.01151,0.43338,48
510,6.20088,-6.90304,191.97283,22663
511,5.83572,-5.49805,352.5813,41592
512,5.05034,-6.41961,208.52268,24602
513,5.37013,-3.95159,1.46439,172
514,5.34973,-4.09221,0.22729,24
515,6.8994,-7.4632,584.71779,69045
516,6.74081,-6.94292,261.92283,30932
517,5.7403,-4.24977,209.35245,24720
518,5.6873,-6.06459,444.02608,52427
519,6.26589,-6.20244,68.40916,8081
520,6.72662,-7.10427,436.36162,51529
521,6.54446,-7.48858,236.80946,27944
522,6.23627,-6.17791,104.09238,12289
523,9.2243,-5.72985,737.789,87128
524,6.54896,-7.49958,677.84349,80035
525,5.53286,-5.24042,240.96012,28454
526,5.28076,-3.96858,0.8128,93
527,4.69138,-6.9618,191.26566,22585
528,4.74389,-7.11337,401.14788,47370
529,5.93634,-5.02685,223.17632,26351
530,5.56904,-5.37514,188.67247,22292
531,6.19529,-5.30472,145.17749,17135
532,5.30246,-3.97368,0.2301,23
533,6.74593,-7.34652,38.73064,4571
534,6.74444,-7.35267,77.43894,9151
535,9.60201,-5.27129,101.40027,11971
536,6.87289,-6.46277,9.02021,1065
537,5.29142,-3.97182,0.4036,47
538,6.55712,-6.82948,371.68184,43889
539,4.68602,-7.41278,640.43299,75584
540,5.27102,-4.08068,51.06984,6027
541,5.21655,-3.74104,7.19429,845
542,5.32534,-4.02149,0.07331,9
543,6.12383,-3.86147,65.22991,7706
544,5.33764,-4.02152,0.6067,69
545,5.30865,-3.98285,1.0563,122
546,5.34479,-3.99791,0.54673,65
547,6.88415,-5.23034,100.6536,11886
548,5.40861,-3.97922,0.76745,89
549,5.26421,-3.99785,1.01049,121
550,5.34732,-4.00971,0.68919,83
551,6.71011,-6.12115,151.97319,17944
552,6.16658,-3.91809,228.7383,27006
553,5.27757,-4.81095,230.36803,27198
554,6.02769,-5.16295,203.02274,23969
555,6.48682,-6.59113,74.01188,8742
556,6.49582,-6.57473,95.22693,11229
557,6.92131,-8.11111,496.97722,58689
558,5.32999,-4.00086,0.36629,46
559,5.20926,-4.41012,90.56702,10685
560,5.35122,-4.09398,0.33019,36
561,5.24282,-3.90031,2.06537,241
562,5.28796,-3.99023,1.09438,129
563,4.74355,-6.63813,3.5422,415
564,4.75082,-6.6551,6.45953,761
565,7.73676,-7.70227,697.16672,82318
566,5.36885,-3.9082,20.6737,2437
567,8.95747,-5.88051,1070.34135,126396
568,5.35436,-4.04805,1.87213,220
569,6.14902,-5.35869,263.81797,31154
570,5.29617,-3.96803,0.37812,42
571,6.84095,-5.14881,259.698,30651
572,5.30036,-3.38467,105.37952,12443
574,5.36474,-3.97089,0.58835,72
575,10.36224,-6.19015,516.24679,60794
576,5.35884,-3.92274,4.03265,476
577,6.64537,-4.18986,234.7308,27718
578,8.39649,-6.56854,1970.03428,232636
579,9.81088,-7.49436,492.40137,58145
580,5.25372,-3.96428,0.55934,66
581,7.32934,-6.22362,406.84035,48040
582,9.88316,-6.19027,1018.48308,120263
583,8.15041,-5.10173,276.2923,32628
584,5.36651,-4.10786,1.81484,212
585,7.68426,-5.0047,51.96306,6132
586,5.89888,-3.16317,312.01845,36824
587,6.38769,-3.88834,164.31853,19407
588,7.16472,-6.65719,311.94092,36830
589,6.83077,-6.51092,81.96527,9675
590,5.42697,-3.98813,1.80898,213
591,5.29149,-3.99902,0.87824,104
592,5.3972,-6.55413,130.04499,15356
593,6.73757,-3.59354,148.3267,17526
594,6.74012,-4.63279,189.311,22355
595,7.45964,-3.92508,591.81751,69885
596,5.56565,-2.99732,240.75926,28431
597,5.25905,-6.53855,139.14938,16435
598,5.48661,-3.35763,303.57003,35826
599,6.23903,-5.9375,208.83135,24654
600,6.55159,-5.24672,208.09374,24572
601,6.78185,-5.27624,32.71829,3865
602,9.75921,-6.4732,701.66763,82860
603,9.30823,-5.43312,603.74726,71299
604,5.85231,-5.36103,161.45655,19063
605,7.4737,-5.08948,227.19773,26830
606,6.0228,-6.66091,256.25778,30260
607,6.65325,-5.61011,348.37922,41134
608,9.17082,-4.59598,7801.66084,921040
609,7.75953,-6.10315,952.53861,112455
610,6.1782,-6.64281,193.85567,22891
611,9.45349,-5.63055,12.33264,1454
612,9.42033,-5.6234,167.90749,19830
613,8.50366,-7.45753,1350.68695,159509
614,7.01351,-5.47422,301.03562,35542
615,5.71696,-5.61558,175.73527,20754
616,7.74399,-5.02997,118.75511,14027
617,4.64042,-7.15803,314.0544,37088
618,6.69583,-4.12693,112.14282,13248
619,5.50817,-2.89407,389.4101,45895
620,5.28325,-3.49336,133.31539,15735
621,6.60173,-5.45356,295.43285,34889
622,7.81027,-3.54247,729.31921,86128
623,7.35809,-4.68146,517.75474,61131
624,5.84314,-5.68791,72.29203,8533
625,5.34608,-4.09114,0.46336,53
626,6.61778,-6.02167,290.71797,34333
627,7.23114,-7.21522,586.2751,69231
628,5.2963,-3.95544,0.73968,87
629,7.55024,-3.26713,731.90574,86434
630,7.76463,-5.82622,1006.33565,118827
631,9.87601,-6.42427,266.64705,31491
632,5.31821,-4.06012,3.15647,363
633,6.15226,-4.7229,461.49406,54496
634,5.79164,-6.49981,159.24178,18802
635,7.7121,-7.5463,1201.55675,141897
636,6.53935,-5.19887,141.19308,16671
637,6.33257,-4.87138,469.68607,55426
638,5.33207,-4.39867,33.32231,3935
639,5.42035,-6.62666,124.11248,14658
640,5.39003,-3.21182,91.65917,10830
641,5.1427,-6.35018,196.11525,23158
642,5.35746,-4.02095,0.13961,15
643,8.0353,-2.79948,49.5425,5851
644,9.59777,-5.05571,1849.186,218212
646,5.32393,-4.11574,5.51901,649
647,5.31347,-3.99165,1.14433,130
648,6.22136,-5.70526,317.53199,37495
649,5.8562,-5.68231,145.58631,17194
650,5.28469,-3.97676,0.69016,80
651,9.58372,-5.20995,73.62564,8696
652,5.9765,-4.15897,176.78714,20875
653,8.2876,-2.98129,811.62007,95911
654,7.0642,-3.96823,173.44231,20483
655,5.33576,-3.45973,110.31353,13029
656,5.36071,-4.01914,0.30619,36
657,5.37289,-3.97012,0.81211,94
658,5.20065,-5.29722,311.88377,36583
659,5.41814,-3.9758,9.68685,1144
660,6.31404,-6.31988,122.1069,14420
661,5.3342,-4.09424,0.63716,75
662,7.3959,-7.54355,30.82421,3639
663,5.91526,-6.47702,96.98221,11449
664,5.97814,-6.36245,90.13324,10643
665,5.20874,-3.7346,3.71327,437
666,6.8602,-6.60287,157.14625,18559
667,6.11504,-6.83948,262.69332,31021
668,7.12453,-7.55909,384.70802,45428
669,5.3145,-4.03564,1.5942,188
670,5.31668,-4.09802,1.68999,202
671,6.96619,-5.27738,118.67029,14015
672,6.36965,-4.98681,211.22342,24943
673,7.09247,-5.03483,174.12434,20563
674,5.41264,-4.46471,125.42679,14802
675,8.03,-5.21883,463.49373,54744
676,6.57476,-4.89376,400.4845,47289
677,6.52535,-6.73064,306.31384,36174
678,5.80707,-4.33608,191.95042,22662
679,6.28588,-6.78079,374.75926,44254
680,7.08731,-6.22495,245.47008,28984
681,5.29614,-3.99204,0.45653,55
682,5.40204,-4.00608,0.37821,43
683,5.66865,-6.42082,376.08953,44391
684,5.38108,-4.07577,8.52094,1003
685,5.38497,-4.01845,1.91257,226
686,9.61964,-6.91038,1835.32632,216734
687,5.39194,-3.02658,158.54635,18721
688,5.12829,-3.30666,76.45641,9033
689,5.3471,-4.05198,0.96052,110
690,5.30056,-3.9892,0.40831,47
691,6.01381,-6.04864,97.1038,11464
692,6.10196,-6.12058,175.93304,20776
693,10.12742,-5.20183,606.05242,71470
694,7.19224,-7.90528,530.1418,62603
695,5.35394,-3.97663,0.57384,69
696,5.36105,-4.06651,0.84363,98
697,7.41145,-7.54932,42.80378,5055
698,7.37297,-7.57489,103.37335,12205
699,7.40023,-5.91833,193.08893,22799
700,7.62034,-7.60791,380.90873,44983
701,5.36377,-3.97546,0.47915,54
702,8.05751,-6.18802,778.37055,91914
703,5.28247,-3.95904,2.01826,239
704,6.81658,-3.30262,300.291,35441
705,8.08773,-5.44295,734.81154,86771
706,8.60493,-2.72293,2193.27438,258852
707,5.30295,-3.95347,0.70761,84
708,5.15596,-3.40597,71.44786,8437
709,6.82205,-5.24334,22.26905,2629
710,5.34174,-4.09868,0.6659,76
711,7.92181,-6.49954,913.86893,107915
712,5.02188,-6.49768,139.25862,16443
713,6.09142,-6.39711,293.87376,34700
714,5.27773,-3.97298,0.56561,65
715,7.47999,-4.35322,966.47709,114123
716,6.47009,-4.35091,490.60808,57929
717,9.95933,-5.91028,1222.95647,144423
718,5.56938,-4.23278,198.65551,23458
719,5.39928,-6.56436,48.20678,5692
720,5.35294,-3.9869,0.92374,110
721,5.18737,-3.32607,135.60401,16006
722,5.51104,-3.74586,105.66596,12481
723,4.53905,-7.27146,309.96987,36603
724,5.33062,-4.08983,0.67669,79
725,5.28791,-3.98115,0.33623,38
726,5.33878,-3.99692,0.52248,63
727,5.30186,-3.94806,1.06324,121
728,5.43372,-4.01033,0.44804,45
729,5.26297,-3.97711,1.49411,177
730,6.04237,-3.90163,91.31091,10782
731,5.3307,-3.99212,0.83987,98
732,5.32725,-4.00517,0.1009,11
733,5.32661,-4.00469,0.42355,46
734,5.34897,-4.02278,0.10566,10
735,5.322,-4.01296,0.07748,10
736,5.30323,-4.01966,2.65748,311
738,5.31585,-4.01829,0.1143,14
739,5.32823,-4.02298,0.06836,8
741,5.32195,-4.01361,0.02639,3
742,5.31734,-4.02586,0.79029,92
744,5.32633,-4.02013,0.05755,5
745,5.33089,-4.02081,0.25894,29
746,5.32192,-4.01671,0.05536,6
747,5.31764,-4.01486,0.1133,12
748,5.37554,-4.08897,1.23485,145
750,5.29965,-3.97731,0.47384,53
751,5.35642,-4.05421,2.42076,286
752,9.93639,-7.80106,3483.2596,411028
753,6.47477,-6.58516,92.96876,10968
754,5.35651,-4.02527,0.11161,11
755,5.36507,-4.01464,0.93219,107
756,5.35339,-4.0155,0.579,69
757,6.19877,-3.81531,106.65051,12595
758,5.23996,-3.90936,0.41418,48
759,7.6718,-5.04626,7.39264,875
760,5.18427,-3.67639,37.25673,4400
761,7.08947,-6.84649,355.45005,41966
762,9.46082,-5.64969,557.70295,65853
763,8.07764,-6.83869,1082.96395,127884
764,7.45895,-7.63044,515.23284,60844
765,5.22847,-3.72643,71.42388,8435
766,7.26746,-8.16017,1596.10346,188304
767,6.84786,-5.29597,11.39805,1345
768,6.07833,-4.70996,286.25068,33804
769,8.97282,-6.79654,1886.52729,222776
770,6.80776,-5.27004,2.22429,264
771,5.30851,-3.6319,89.75682,10602
772,5.37741,-4.02534,5.36648,634
773,4.90535,-6.37002,391.97437,46205
774,6.25181,-3.39334,199.87906,23601
775,5.37344,-3.08964,80.0554,9451
776,5.36343,-3.98914,0.63211,74
777,5.36329,-3.98893,0.49999,58
778,4.76278,-6.67887,117.03765,13726
779,10.07516,-5.32958,559.99874,66125
780,5.78616,-6.60749,35.65706,4207
781,5.34771,-4.03639,1.03795,122
782,9.1923,-4.74879,2156.69764,254685
783,6.36976,-6.26635,98.97488,11684
784,6.37421,-6.68881,293.53191,34662
785,9.71782,-5.17867,323.61739,38211
786,5.33967,-4.05711,0.57424,67
787,5.43659,-3.99245,2.23982,268
788,9.30359,-5.59628,432.20566,51032
789,8.51105,-3.49754,5264.3176,621672
790,5.26488,-4.22983,79.59382,9396
791,5.44585,-4.06356,2.0079,236
792,5.85524,-4.76944,190.77714,22529
793,6.86385,-5.79284,185.82442,21944
794,6.66093,-5.15112,158.79109,18752
795,6.71065,-4.4406,242.59241,28634
796,5.1883,-7.34368,903.91752,106692
797,5.79773,-5.72696,252.99694,29876
798,7.26017,-5.13613,203.06635,23988
799,7.0559,-3.75974,577.39004,68171
800,5.31775,-4.05394,1.36548,162
801,6.4625,-4.39997,119.06733,14048
802,6.63531,-4.28525,193.86326,22894
803,7.99072,-5.46645,313.98402,37072
804,6.65524,-3.2737,177.08633,20866
805,8.61868,-5.27313,2205.41799,260439
806,5.69594,-5.75623,417.74136,49333
807,7.05415,-3.27846,153.15615,18081
808,5.32157,-4.09871,0.96493,108
809,7.29416,-7.44519,328.07246,38749
810,10.1801,-5.66405,730.32989,86235
811,5.37052,-4.09409,0.83793,99
812,9.57592,-6.07572,1042.72366,123134
813,5.76302,-6.12603,305.66037,36096
814,5.43275,-3.99477,0.91838,107
815,5.28613,-2.82152,288.88813,34007
816,5.40851,-6.55609,223.03235,26336
817,5.30326,-4.00341,0.28836,30
818,5.18648,-2.90918,186.03451,21930
819,5.42385,-4.01912,0.53252,63
820,5.4001,-4.52034,213.72528,25233
821,5.3144,-4.01536,0.2549,29
823,6.72158,-3.51488,64.77866,7640
824,7.07423,-4.24341,572.21664,67572
825,5.98832,-4.8301,215.02906,25394
826,5.37751,-3.39346,104.0477,12287
827,5.57972,-3.84118,238.88331,28205
828,6.82078,-5.25332,2.03714,239
829,5.3547,-4.09969,1.19236,141
830,5.90063,-6.63794,121.02258,14288
831,5.2567,-3.96046,1.38104,162
832,5.44672,-4.05112,1.59289,189
833,9.5295,-7.52369,569.82741,67293
834,7.70139,-5.03665,5.52882,650
835,5.97389,-4.47913,191.16848,22577
836,5.33228,-4.0497,0.60338,74
837,5.8904,-5.15328,343.49092,40562
838,5.39022,-3.7389,167.0027,19718
839,5.32155,-4.01161,0.24418,28
840,5.3476,-5.70236,434.95177,51367
841,5.76855,-6.4037,108.2425,12785
842,5.31053,-3.99532,0.3572,40
843,9.01258,-3.09166,4282.91431,505498
844,5.3765,-3.59099,161.59121,19078
845,5.40233,-4.42395,44.82399,5295
846,5.2913,-3.97445,0.35427,35
847,5.74289,-4.40539,155.62022,18382
848,5.32587,-4.11115,0.6824,77
849,6.85414,-6.45546,18.97265,2239
850,6.74034,-3.50854,30.6561,3619
851,5.3449,-3.96162,0.74152,85
852,5.67328,-6.28384,123.0729,14528
853,5.66208,-6.27318,42.38021,5002
854,10.33521,-5.4915,401.96692,47396
855,9.95601,-5.12441,522.70295,61565
856,8.26199,-7.88025,524.69553,61878
857,7.29627,-4.04931,497.37605,58735
858,5.2876,-3.96589,0.49348,56
859,6.04161,-5.79925,106.9565,12630
860,6.38541,-5.41768,70.58138,8334
861,6.40341,-5.41934,95.80831,11309
862,8.39806,-5.16696,1408.08024,166277
863,5.5673,-6.59038,265.10804,31313
864,6.30551,-5.93596,143.42519,16938
865,6.01594,-6.5866,93.24778,11014
866,5.37469,-4.01503,1.50849,170
867,5.94054,-6.59569,35.88037,4236
868,7.18268,-5.8045,611.25554,72183
869,5.35321,-4.00224,0.92562,110
870,5.34466,-4.79486,320.39634,37835
871,5.37888,-3.95675,1.15654,133
872,5.55654,-7.30173,1118.07202,131956
873,6.9036,-6.44529,17.1832,2022
874,4.98931,-6.18391,217.93015,25726
875,5.29005,-4.00994,2.61567,308
876,6.57907,-8.28935,375.38558,44311
877,7.28078,-6.79537,469.60786,55446
878,5.28436,-3.98451,0.99709,115
879,5.38657,-3.99857,1.58302,182
880,5.61084,-6.64696,127.90672,15104
881,5.82371,-6.72943,150.79484,17808
882,5.25955,-3.98628,1.6839,202
883,5.34573,-4.06285,0.42279,47
884,6.63701,-7.34826,303.79006,35877
885,5.33439,-4.0112,0.805,94
886,5.4528,-4.05445,1.33337,157
887,5.55206,-4.34605,286.65992,33848
888,5.72425,-4.52595,144.74261,17087
889,7.15865,-7.73554,377.78105,44615
890,10.43473,-5.6214,179.22134,21123
891,5.39119,-6.69892,397.94715,46991
892,5.32565,-4.01703,0.19312,21
893,6.49173,-8.37706,205.43108,24265
894,5.32744,-3.99475,0.71019,84
895,5.36895,-4.00495,1.1604,137
896,7.64552,-4.00483,473.4834,55912
897,5.29077,-3.98442,0.27285,27
898,5.34665,-4.0695,0.21341,22
899,5.29734,-3.98538,0.19989,27
901,5.37279,-3.99032,0.89019,101
902,5.19271,-3.72526,7.5531,891
903,5.30329,-3.97038,0.3939,47
904,5.48301,-3.19888,135.16953,15965
905,5.11101,-6.62746,138.69758,16372
906,7.43084,-4.87866,274.13103,32368
907,6.81898,-5.27597,2.12644,252
908,5.31522,-4.0201,0.40322,45
909,5.33089,-4.02081,0.08243,10
910,6.848,-5.24861,8.4988,1001
911,5.26642,-4.00986,1.21668,143
912,5.3398,-3.97985,0.69964,82
913,5.46974,-3.2041,24.10027,2848
914,5.34546,-3.9779,0.49117,56
915,5.38402,-3.96767,1.41016,156
916,5.35333,-4.02332,0.15187,16
917,6.72054,-3.47093,91.73863,10837
918,6.08949,-4.32055,221.18112,26121
919,5.30759,-4.01345,0.25616,30
920,5.33436,-4.37103,15.17525,1791
921,5.35691,-4.0722,0.37402,43
922,5.41118,-4.00059,0.43145,48
923,5.29316,-3.98581,0.29842,33
924,5.25752,-4.00281,2.61041,304
925,5.409,-4.0121,0.89449,103
926,5.33012,-4.04733,0.64042,75
927,5.26917,-3.9983,1.15643,134
928,5.41414,-4.0259,6.33463,747
929,5.96521,-6.91038,836.22038,98742
930,5.39639,-3.974,0.96054,111
931,5.28762,-5.92343,283.17204,33437
932,5.33032,-4.07411,0.16997,20
933,5.2937,-3.97885,0.24679,30
934,5.2937,-3.97885,0.18552,23
935,5.05356,-6.22134,331.09935,39093
936,6.49235,-6.2716,138.50487,16351
937,6.46048,-5.7037,220.32187,26017
938,7.45147,-5.28468,353.69562,41772
939,7.03091,-5.26827,179.44216,21189
940,5.41459,-4.00564,0.48005,56
941,5.30773,-3.99217,0.4925,56
942,9.82915,-7.56235,824.28759,97341
943,4.74054,-6.62271,4.2517,505
944,7.94023,-3.56857,777.51245,91811
945,6.64857,-5.80803,174.84772,20639
946,7.27113,-7.80299,729.6037,86154
947,5.39377,-3.13605,105.13156,12392
948,6.85661,-3.47727,240.91219,28442
949,8.26405,-8.00915,1111.18148,131018
950,5.32148,-4.04481,0.89702,99
951,6.12438,-3.31671,201.51009,23795
952,8.1486,-2.98223,458.0885,54029
953,5.34685,-4.06376,0.17388,19
954,5.82488,-6.79735,188.57672,22268
955,5.21462,-4.2825,49.10148,5801
956,4.97452,-6.08486,267.98549,30745
957,7.90846,-4.52951,1683.76915,198839
958,7.8938,-4.32936,855.70796,101038
959,5.30871,-4.01602,0.32742,39
960,5.33857,-4.03156,1.02724,120
961,5.26112,-4.00561,1.55014,182
962,7.02203,-6.30395,214.8769,25373
963,7.96507,-6.67067,219.69754,25944
964,7.72763,-5.02203,7.45589,879
965,7.4272,-6.71532,476.44833,56265
966,6.62643,-6.85801,313.05202,36968
967,5.53256,-6.69807,300.12779,35403
968,6.88935,-5.29731,64.0074,7557
969,7.64023,-7.1504,1367.23106,161447
970,5.4899,-4.0558,9.81467,1157
971,9.86594,-5.14136,643.25691,75954
972,5.35173,-4.06911,0.34135,41
973,4.77803,-6.65127,8.12856,961
974,8.13748,-5.72015,752.66391,88886
975,5.47163,-4.05409,4.48023,527
976,7.94318,-2.95294,161.64231,19088
977,5.32331,-4.08066,0.56878,66
978,9.5466,-6.20208,850.65442,100451
979,5.30574,-4.02114,1.40486,166
980,7.293,-6.52241,117.37182,13861
981,7.95702,-6.93234,1533.09998,181038
982,5.36154,-3.98066,0.67494,77
983,5.66173,-4.55474,182.89938,21597
984,9.61511,-5.39928,510.85802,60326
985,6.62776,-5.90912,103.27629,12193
986,6.07042,-4.93111,332.0079,39208
987,5.40879,-3.97438,3.89441,453
988,5.30871,-6.0388,250.94731,29638
989,8.09083,-7.83981,876.72907,103441
990,5.35332,-4.07902,0.88675,102
991,9.34565,-6.09927,1519.64102,179453
992,5.25223,-3.94186,2.05206,242
993,8.41234,-6.02397,995.44777,117549
994,5.32855,-4.02668,0.3525,41
995,5.37177,-3.99964,0.62512,69
996,5.34812,-3.9987,0.56079,65
997,6.85623,-6.4421,9.67708,1146
999,4.67466,-7.08051,176.37832,20825
1000,5.32824,-4.02345,0.11306,12
1001,7.99668,-2.7538,138.17203,16276
1002,6.64236,-4.70106,140.92123,16638
1003,7.86074,-7.78446,1469.81758,173524
1004,5.3265,-3.9588,2.32286,273
1005,5.39043,-3.97796,0.88802,101
1006,5.29805,-3.99618,0.3425,41
1007,6.61049,-5.92179,114.91139,13568
1008,5.37778,-4.09736,4.34078,513
1009,6.08752,-3.18649,293.3725,34602
1010,5.32006,-4.2262,56.93361,6713
1011,5.33832,-4.18117,30.69671,3623
1012,6.79356,-5.27362,2.35213,277
1013,5.35407,-4.06489,0.54671,63
1014,8.13737,-2.68734,972.61162,114753
1015,5.76064,-6.81946,208.47741,24622
1016,5.77325,-6.61502,56.74553,6700
1017,5.37385,-4.07593,1.12737,138
1018,5.44349,-4.0129,0.73737,87
1019,5.39411,-3.98932,0.67571,77
1020,5.34285,-4.07382,0.31592,39
1021,6.97708,-5.74737,84.65364,9993
1022,5.30824,-3.97647,0.54013,63
1023,5.24845,-3.913,0.81747,95
1024,5.33392,-4.08849,0.33611,41
1025,5.3346,-4.00063,0.35385,39
1026,5.35449,-4.03299,0.47215,50
1027,5.30919,-3.94374,1.07071,124
1028,5.43637,-4.04476,3.76716,453
1029,5.38399,-3.95642,4.01744,466
1030,5.32783,-4.01997,0.07628,8
1031,5.40626,-3.99222,0.87774,103
1032,6.88843,-6.47044,22.72273,2684
1033,5.42649,-4.02812,2.26356,266
1034,5.37558,-3.99394,0.43921,52
1035,5.35584,-3.96884,0.70963,83
1036,5.33512,-3.99796,0.30838,36
1037,5.40383,-3.99997,0.40375,47
1038,5.43652,-4.05923,10.9378,1282
1039,5.35506,-4.02071,0.1381,13
1040,5.32932,-4.10196,0.91228,108
1041,6.69812,-5.28151,165.12165,19496
1042,8.47557,-7.1747,2222.70147,262480
1043,9.51857,-5.27987,303.96038,35894
1044,9.31672,-5.31381,503.99837,59516
1045,7.59566,-6.16271,488.51317,57684
1046,7.5487,-6.1484,257.05165,30352
1047,5.35492,-3.99323,0.73909,87
1048,5.37057,-3.96647,0.76675,88
1049,6.26742,-5.06445,260.26824,30724
1050,7.98661,-3.05073,226.34348,26731
1051,4.40874,-7.35171,80.72419,9525
1052,9.05753,-5.17608,1875.35707,221457
1053,5.95243,-5.71586,245.82574,29038
1054,6.81041,-6.40686,126.40388,14923
1055,5.91089,-7.43772,1417.57678,167279
1056,7.24704,-2.97821,119.63345,14088
1057,5.76018,-6.78784,117.25877,13837
1058,7.82115,-3.14989,261.70382,30887
1059,7.18592,-3.29459,462.85871,54658
1060,7.32411,-3.18092,500.29846,59080
1062,5.31846,-4.07835,1.97331,224
1063,6.89383,-6.43264,19.03406,2239
1064,6.11685,-6.05648,117.09006,13826
1065,7.0278,-8.12547,213.68612,25232
1066,9.4444,-5.64045,58.113,6859
1067,6.39119,-5.97605,175.96991,20775
1068,7.18577,-8.19148,272.4507,32109
1069,5.32968,-4.07393,0.34095,40
1070,5.34052,-3.94638,1.96914,234
1071,6.75977,-7.24635,248.68458,29365
1072,6.82504,-5.27403,3.61535,424
1073,5.14076,-3.02598,84.06385,9901
1074,5.8993,-4.83646,161.44972,19062
1075,5.19268,-5.96234,307.49444,36310
1076,7.14027,-5.22529,149.42102,17644
1077,7.16097,-5.22684,106.99421,12636
1078,5.6064,-5.15445,386.54103,45651
1079,9.67826,-5.31433,461.95916,54550
1080,9.51785,-7.26132,1863.41643,220042
1081,6.51537,-4.60536,410.46799,48470
1082,7.40748,-4.77986,240.19472,28366
1083,8.44871,-5.75291,1400.60394,165392
1084,8.17923,-5.72526,380.95955,44988
1085,10.33107,-7.47771,1605.47183,189354
1086,7.22045,-3.06024,170.65642,20133
1087,7.37609,-7.44443,143.36942,16925
1088,8.14478,-4.95674,1127.86895,133181
1089,10.47301,-6.38495,1587.53487,187134
1090,6.53417,-8.48424,219.22185,25726
1091,6.09073,-5.86879,158.09989,18666
1092,5.89672,-4.95334,232.33986,27425
1093,6.92656,-5.49824,85.30799,10074
1094,8.30269,-6.10715,1071.33821,126509
1095,9.93417,-5.70189,595.1391,70278
1096,8.07038,-6.19496,588.33128,69480
1097,6.34325,-5.64284,122.4957,14468
1098,6.94514,-6.46502,100.17789,11833
1099,8.81967,-5.67563,1657.9419,195777
1100,5.32931,-3.94335,4.45998,515
1101,8.28643,-7.68257,471.0204,55549
1102,8.27594,-7.6837,1021.94449,120659
1103,5.29364,-6.51971,226.81424,26782
1104,5.14961,-4.80471,151.72186,17880
1105,6.57632,-8.43793,228.70699,26905
1106,6.55424,-5.01708,60.41695,7137
1107,10.38016,-5.72954,529.7022,62498
1108,9.907,-6.51098,798.17521,94257
1109,5.30014,-4.537,194.84834,23014
1110,7.53876,-2.98189,456.10685,53800
1111,5.30425,-4.0087,0.36215,41
1112,7.67953,-5.01455,4.33656,510
1113,5.3284,-4.05971,0.49915,52
1114,5.46018,-4.05164,3.79162,445
1115,5.28153,-4.00469,1.18826,140
1116,5.36336,-4.07657,1.01753,118
1117,6.66258,-4.73605,233.47313,27563
1118,7.41285,-6.64351,189.28442,22350
1119,7.66614,-5.58228,331.66908,39170
1120,7.46648,-6.99726,825.84049,97524
1121,7.37599,-6.47807,380.57658,44941
1122,5.35145,-3.97683,0.39407,44
1123,5.38353,-4.14637,48.59741,5732
1124,5.43178,-4.01815,0.5963,70
1125,5.30777,-4.00767,0.28782,31
1126,5.26851,-4.0194,15.91426,1874
1127,5.33927,-4.07344,0.50937,59
1128,5.41305,-4.01321,0.71991,86
1129,5.3466,-4.06794,0.27505,37
1130,4.9242,-6.78699,372.17211,43955
1131,5.36649,-4.02197,0.74297,86
1132,5.33492,-4.1067,0.98213,121
1133,6.17426,-7.02806,725.71097,85694
1134,5.95903,-6.60053,44.29064,5228
1135,6.9481,-3.39672,196.31098,23185
1136,5.81896,-3.96198,258.52118,30529
1137,6.18995,-3.64934,172.45693,20239
1138,5.39204,-3.96887,2.49339,294
1139,5.973,-6.50883,101.34619,11968
1140,6.84096,-5.25721,5.60231,662
1141,5.34528,-4.08516,0.55194,64
1142,6.70674,-5.85137,219.63099,25937
1143,7.73212,-3.96718,612.05091,72269
1144,5.25206,-3.63028,63.23679,7464
1145,5.80487,-3.16087,318.03289,37542
1146,5.41814,-4.00722,0.60086,69
1147,5.27008,-5.10758,389.42261,45966
1148,5.32265,-4.07045,1.011,117
1149,5.34235,-4.07824,0.57484,64
1150,5.36603,-4.08983,1.03136,123
1151,6.4074,-5.8321,188.7892,22294
1152,8.09256,-3.69119,1892.22215,223449
1153,6.22228,-7.48596,642.55413,75892
1154,6.92609,-6.03688,112.9182,13329
1155,10.08552,-6.37152,643.19664,75953
1156,6.80988,-5.26091,1.89571,220
1157,6.96702,-6.66027,355.0573,41930
1158,6.24335,-6.50284,175.21077,20690
1159,6.8007,-6.24261,242.16327,28596
1160,6.72827,-5.38096,176.17376,20804
1161,7.43014,-6.0607,129.52837,15301
1162,6.4316,-5.35676,218.00924,25745
1163,8.04789,-2.81641,219.15648,25881
1164,6.4347,-3.37261,320.19461,37831
1165,6.13737,-5.30823,84.0655,9897
1166,6.88582,-5.41812,189.47596,22361
1167,6.56304,-7.84329,1227.9748,144998
1168,6.98668,-8.1624,161.46475,19053
1169,6.35412,-5.93684,79.54501,9369
1170,6.91755,-6.53011,121.05377,14291
1171,5.16986,-5.5914,224.63936,26543
1172,6.13588,-5.20076,151.14073,17844
1173,6.5473,-5.78556,159.44444,18826
1174,7.05459,-3.95803,121.8052,14364
1175,5.33464,-3.9465,1.10524,128
1176,6.90591,-6.36965,142.87387,16857
1177,5.89035,-6.59438,80.0217,9449
1178,5.36922,-4.08145,0.88191,103
1179,7.12068,-8.13137,253.2157,29901
1180,5.76957,-5.46719,146.64291,17288
1181,6.0531,-5.71607,360.61215,42571
1182,7.09745,-5.07372,223.75995,26416
1183,6.31457,-6.15944,174.12403,20568
1184,5.3791,-3.9918,0.67996,76
1185,6.98271,-7.83512,1039.06662,122707
1186,6.91842,-8.1973,166.75166,19657
1187,6.78692,-6.77645,315.76981,37289
1188,6.21337,-6.6123,153.36559,18111
1189,6.78226,-6.87623,136.89287,16167
1190,6.48283,-6.28041,76.71123,9058
1191,5.3969,-4.00401,0.56194,65
1192,7.43006,-6.04061,87.30924,10303
1193,5.25859,-3.96289,0.52033,60
1194,5.35017,-4.06141,0.54982,64
1195,9.90639,-5.72909,733.71599,86639
1196,5.71778,-3.40165,1003.04838,118454
1197,6.08045,-5.21021,103.04337,12168
1198,6.85349,-4.09866,248.83744,29386
1199,6.01521,-4.37496,124.66722,14717
1201,5.25,-3.91903,3.48785,409
1202,6.5901,-6.55905,221.69149,26181
1203,7.81095,-3.3192,375.31261,44313
1204,5.2294,-5.46468,271.36857,32019
1206,6.7795,-6.44064,180.63262,21327
1207,6.94076,-5.96685,295.01241,34831
1209,7.67826,-3.22445,276.37609,32642
1210,7.69691,-3.12235,257.70044,30428
1211,6.94568,-4.33135,457.80283,54060
1212,7.51404,-6.05799,236.98931,27985
1214,6.80411,-5.72595,303.34749,35822
1215,7.2397,-5.26448,267.28122,31565
1216,7.88071,-3.28543,498.15704,58825
1217,6.47726,-5.55296,213.37025,25196
1218,7.95923,-3.12862,395.3737,46691
1219,5.51434,-5.3023,234.90207,27724
1220,5.59192,-4.62787,497.35319,58718
1221,7.54722,-3.57746,1216.14914,143609
1222,5.37298,-4.39198,28.93981,3418
1223,7.44809,-4.66008,684.95672,80890
1224,7.40108,-4.99402,305.38799,36054
1225,5.41775,-4.25572,129.28318,15256
1226,6.83788,-4.8201,796.87489,94092
1227,7.36526,-3.89118,343.91266,40611
1228,5.32088,-4.08288,0.40322,48
1229,5.33874,-4.05858,0.29238,34
1230,6.90734,-5.54117,216.94626,25617
1231,5.32095,-4.0144,0.07715,9
1232,5.30448,-3.9823,0.42362,48
1233,7.28855,-7.5864,267.16149,31544
1236,5.33838,-4.08433,0.56109,66
1237,5.35042,-4.08655,0.56703,67
1238,6.6302,-4.60349,207.12802,24466